parent_name,smiles,role,similarity,chembl_id,doi,source_query
NCT-503,CC(=O)Nc1ccc(NS(=O)(=O)c2ccc(Cl)cc2)cc1,parent,100.0,CHEMBL3402761,10.1038/nchembio.2070,hardcoded
BI-4924,Cc1ccc(S(=O)(=O)Nc2ccc(C(=O)NCC3CCCO3)cc2)cc1,parent,100.0,,10.1021/acs.jmedchem.0c00892,hardcoded
BI-4924,Cc1ccc(NS(=O)(=O)c2ccc(C(=O)NCC3CCCO3)cc2)cc1,analog,100.0,CHEMBL1324798,10.1021/acs.jmedchem.0c00892,chembl_similarity
PKUMDL-WQ-2101,Cc1cc(C)c(Nc2nc(N)nc3[nH]ncc23)cc1C,parent,100.0,,10.1021/acs.jmedchem.8b00789,hardcoded
PKUMDL-WQ-2247,Cc1cc(C)c(Nc2nc(NC3CCCC3)nc3[nH]ncc23)cc1C,parent,100.0,,10.1021/acs.jmedchem.8b00789,hardcoded
Disulfiram,CCN(CC)C(=S)SSC(=S)N(CC)CC,parent,100.0,CHEMBL964,10.3390/molecules24142545,hardcoded
BI-4924,O=C(NCC1CCCO1)c1ccc(S(=O)(=O)Nc2ccc(F)cc2)cc1,analog,80.7692289352417,CHEMBL1733360,10.1021/acs.jmedchem.0c00892,chembl_similarity
BI-4924,O=C(NCC1CCCO1)c1ccc(NS(=O)(=O)c2ccc(F)cc2)cc1,analog,80.7692289352417,CHEMBL5491932,10.1021/acs.jmedchem.0c00892,chembl_similarity
BI-4924,O=C(NCC1CCCO1)c1ccc(NS(=O)(=O)c2ccccc2)cc1,analog,80.39215803146362,CHEMBL1324302,10.1021/acs.jmedchem.0c00892,chembl_similarity
BI-4924,Cc1ccc(NS(=O)(=O)c2cccc(C(=O)NCC3CCCO3)c2)cc1,analog,78.18182110786438,CHEMBL1722077,10.1021/acs.jmedchem.0c00892,chembl_similarity
BI-4924,CCOc1ccc(NS(=O)(=O)c2ccc(C(=O)NCC3CCCO3)cc2)cc1,analog,76.78571343421936,CHEMBL2135368,10.1021/acs.jmedchem.0c00892,chembl_similarity
BI-4924,CCOc1ccc(S(=O)(=O)Nc2ccc(C(=O)NCC3CCCO3)cc2)cc1,analog,76.78571343421936,CHEMBL1498157,10.1021/acs.jmedchem.0c00892,chembl_similarity
Disulfiram,CCN(CC)C(=S)SSC,analog,75.0,CHEMBL4227735,10.3390/molecules24142545,chembl_similarity
BI-4924,Cc1ccc(NS(=O)(=O)c2ccc(C(=O)OCC(=O)NCC3CCCO3)cc2)cc1,analog,74.13793206214903,CHEMBL1536622,10.1021/acs.jmedchem.0c00892,chembl_similarity
NCT-503,CC(=O)Nc1ccc(S(=O)(=O)NNc2ccc(Cl)cc2)cc1,analog,72.972971200943,CHEMBL3310853,10.1038/nchembio.2070,chembl_similarity
BI-4924,Cc1ccccc1NS(=O)(=O)c1ccc(C(=O)NCC2CCCO2)cc1,analog,72.72727489471436,CHEMBL1563804,10.1021/acs.jmedchem.0c00892,chembl_similarity
BI-4924,Cc1ccc(S(=O)(=O)Nc2ccc(S(=O)(=O)NCC3CCCO3)cc2)cc1,analog,72.54902124404907,CHEMBL1605771,10.1021/acs.jmedchem.0c00892,chembl_similarity
BI-4924,CS(=O)(=O)Nc1ccc(C(=O)NCC2CCCO2)cc1,analog,72.54902124404907,CHEMBL1359452,10.1021/acs.jmedchem.0c00892,chembl_similarity
BI-4924,Cc1ccc(C(=O)Nc2ccc(C(=O)NCC3CCCO3)cc2)cc1,analog,72.54902124404907,CHEMBL1873897,10.1021/acs.jmedchem.0c00892,chembl_similarity
NCT-503,CC(=O)Nc1ccc(NS(=O)(=O)c2ccc(F)cc2)cc1,analog,72.22222089767456,CHEMBL455978,10.1038/nchembio.2070,chembl_similarity
NCT-503,CC(=O)Nc1ccc(S(=O)(=O)Nc2ccc(Br)cc2)cc1,analog,72.22222089767456,CHEMBL4472939,10.1038/nchembio.2070,chembl_similarity
NCT-503,CC(=O)Nc1ccc(NS(=O)(=O)c2ccccc2)cc1,analog,71.42857313156128,CHEMBL1491346,10.1038/nchembio.2070,chembl_similarity
Disulfiram,CCSSC(=S)N(CC)CC,analog,71.42857313156128,CHEMBL4224759,10.3390/molecules24142545,chembl_similarity
NCT-503,CCC(=O)Nc1ccc(NS(=O)(=O)c2ccc(Cl)cc2)cc1,analog,71.05262875556946,CHEMBL1997269,10.1038/nchembio.2070,chembl_similarity
NCT-503,O=S(=O)(Nc1ccc(NS(=O)(=O)c2ccc(Cl)cc2)cc1)c1ccc(Cl)cc1,analog,70.96773982048035,CHEMBL254426,10.1038/nchembio.2070,chembl_similarity
NCT-503,O=S(=O)(Nc1ccc(Cl)cc1)c1ccc(Cl)cc1,analog,70.96773982048035,CHEMBL183220,10.1038/nchembio.2070,chembl_similarity
BI-4924,Cc1ccc(NC(=O)c2ccc(S(=O)(=O)NCC3CCCO3)cc2)cc1,analog,70.90908885002136,CHEMBL1495360,10.1021/acs.jmedchem.0c00892,chembl_similarity
BI-4924,Cc1ccc(NS(=O)(=O)c2ccc(OCC(=O)NCC3CCCO3)cc2)cc1,analog,70.68965435028076,CHEMBL1717513,10.1021/acs.jmedchem.0c00892,chembl_similarity
BI-4924,Cc1cccc(NS(=O)(=O)c2ccc(C(=O)NCC3CCCO3)cc2)c1C,analog,70.17543911933899,CHEMBL1341738,10.1021/acs.jmedchem.0c00892,chembl_similarity
NCT-503,CSc1ccc(S(=O)(=O)Nc2ccc(NC(C)=O)cc2)cc1,analog,68.42105388641357,CHEMBL1443566,10.1038/nchembio.2070,chembl_similarity
NCT-503,COc1ccc(S(=O)(=O)Nc2ccc(NC(C)=O)cc2)cc1,analog,68.42105388641357,CHEMBL1500505,10.1038/nchembio.2070,chembl_similarity
NCT-503,CC(=O)Nc1ccc(S(=O)(=O)Nc2ccc(Nc3ccccc3)cc2)cc1,analog,68.42105388641357,CHEMBL1607166,10.1038/nchembio.2070,chembl_similarity
BI-4924,Cc1ccc(S(=O)(=O)Nc2ccccc2C(=O)NCC2CCCO2)cc1,analog,68.42105388641357,CHEMBL1573759,10.1021/acs.jmedchem.0c00892,chembl_similarity
BI-4924,Cc1ccc(S(=O)(=O)N(C)c2ccc(C(=O)NCC3CCCO3)cc2)cc1,analog,68.42105388641357,CHEMBL1347675,10.1021/acs.jmedchem.0c00892,chembl_similarity
Disulfiram,CCN(CC)C(=S)SC(=S)N(CC)CC,analog,68.42105388641357,CHEMBL2004297,10.3390/molecules24142545,chembl_similarity
NCT-503,CC(=O)Nc1ccc(S(=O)(=O)Nc2ccc(Cl)cn2)cc1,analog,68.29268336296082,CHEMBL1865922,10.1038/nchembio.2070,chembl_similarity
Disulfiram,CCN(CCO)C(=S)SSC(=S)N(CC)CCO,analog,68.18181872367859,CHEMBL4858425,10.3390/molecules24142545,chembl_similarity
NCT-503,CC(=O)Nc1ccc(Cl)cc1,analog,67.7419364452362,CHEMBL15991,10.1038/nchembio.2070,chembl_similarity
NCT-503,CC(=O)Nc1ccc(S(=O)(=O)NCC(=O)Nc2ccc(Cl)cc2)cc1,analog,67.5000011920929,CHEMBL3793965,10.1038/nchembio.2070,chembl_similarity
BI-4924,CCCNS(=O)(=O)c1ccc(C(=O)NCC2CCCO2)cc1,analog,67.27272868156433,CHEMBL1549405,10.1021/acs.jmedchem.0c00892,chembl_similarity
BI-4924,O=C(NCC1CCCO1)c1ccc(NS(=O)(=O)c2cccc([N+](=O)[O-])c2)cc1,analog,67.21311211585999,CHEMBL1418324,10.1021/acs.jmedchem.0c00892,chembl_similarity
NCT-503,CC(=O)Nc1ccc(S(=O)(=O)Nc2ccc([N+](=O)[O-])cc2)cc1,analog,66.66666865348816,CHEMBL493636,10.1038/nchembio.2070,chembl_similarity
NCT-503,CC(=O)Nc1ccc(S(=O)(=O)Nc2ccc(C#N)cc2)cc1,analog,66.66666865348816,CHEMBL4100318,10.1038/nchembio.2070,chembl_similarity
NCT-503,CNC(=S)Nc1ccc(S(=O)(=O)Nc2ccc(Cl)cc2)cc1,analog,66.66666865348816,CHEMBL246556,10.1038/nchembio.2070,chembl_similarity
Disulfiram,CCN(CC)CC(=S)SSC(=S)N(CC)CC,analog,66.66666865348816,CHEMBL5417591,10.3390/molecules24142545,chembl_similarity
BI-4924,Cc1ccc([N+](=O)[O-])cc1S(=O)(=O)Nc1ccc(C(=O)NCC2CCCO2)cc1,analog,66.12903475761414,CHEMBL1514939,10.1021/acs.jmedchem.0c00892,chembl_similarity
NCT-503,CC(=O)Nc1ccc(NS(=O)(=O)c2ccc(Cl)c(C(=O)O)c2)cc1,analog,65.85366129875183,CHEMBL1303775,10.1038/nchembio.2070,chembl_similarity
NCT-503,Cc1ccc(S(=O)(=O)Nc2ccc(Cl)cc2)cc1,analog,65.71428775787354,CHEMBL181809,10.1038/nchembio.2070,chembl_similarity
NCT-503,Cc1ccc(NS(=O)(=O)c2ccc(Cl)cc2)cc1,analog,65.71428775787354,CHEMBL180683,10.1038/nchembio.2070,chembl_similarity
NCT-503,CS(=O)(=O)Nc1ccc(S(=O)(=O)Nc2ccc(Cl)cc2)cc1,analog,65.71428775787354,CHEMBL228085,10.1038/nchembio.2070,chembl_similarity
NCT-503,O=S(=O)(Nc1ccc(O)cc1)c1ccc(Cl)cc1,analog,65.71428775787354,CHEMBL3314631,10.1038/nchembio.2070,chembl_similarity
NCT-503,Cc1ccc(S(=O)(=O)Nc2ccc(NS(=O)(=O)c3ccc(Cl)cc3)cc2)cc1,analog,65.71428775787354,CHEMBL482650,10.1038/nchembio.2070,chembl_similarity
BI-4924,O=C(NCC1CCCO1)c1ccc(S(=O)(=O)Nc2ccccc2F)cc1,analog,65.51724076271057,CHEMBL1592052,10.1021/acs.jmedchem.0c00892,chembl_similarity
BI-4924,O=C(NCC1CCCO1)c1ccc(NS(=O)(=O)c2cccs2)cc1,analog,65.51724076271057,CHEMBL1445764,10.1021/acs.jmedchem.0c00892,chembl_similarity
Disulfiram,CCCSSC(=S)N(CC)CC,analog,65.21739363670349,CHEMBL4229120,10.3390/molecules24142545,chembl_similarity
Disulfiram,CCN(CC)C(=S)SSC(C)C,analog,65.21739363670349,CHEMBL1097570,10.3390/molecules24142545,chembl_similarity
NCT-503,Cc1ccc(NC(=S)Nc2ccc(S(=O)(=O)Nc3ccc(Cl)cc3)cc2)cc1,analog,64.99999761581421,CHEMBL393483,10.1038/nchembio.2070,chembl_similarity
NCT-503,CC(=O)Nc1ccc(S(=O)(=O)Nc2ccc(S(=O)(=O)Nc3ncccn3)cc2)cc1,analog,64.99999761581421,CHEMBL259841,10.1038/nchembio.2070,chembl_similarity
NCT-503,CC(=O)Nc1ccc(NS(=O)(=O)c2cc(Cl)ccc2Cl)cc1,analog,64.99999761581421,CHEMBL2134402,10.1038/nchembio.2070,chembl_similarity
NCT-503,Cc1ccc(NS(=O)(=O)c2ccc(NC(=S)Nc3ccc(Cl)cc3)cc2)cc1,analog,64.99999761581421,CHEMBL2234397,10.1038/nchembio.2070,chembl_similarity
Disulfiram,CCN(CC)C(=S)SC,analog,64.99999761581421,CHEMBL1745,10.3390/molecules24142545,chembl_similarity
BI-4924,CCCCS(=O)(=O)Nc1ccc(C(=O)NCC2CCCO2)cc1,analog,64.91228342056274,CHEMBL1561025,10.1021/acs.jmedchem.0c00892,chembl_similarity
NCT-503,CC(=O)Nc1ccc(S(=O)(=O)Nc2ccccc2NS(=O)(=O)c2ccc(NC(C)=O)cc2)cc1,analog,64.86486196517944,CHEMBL4063466,10.1038/nchembio.2070,chembl_similarity
NCT-503,O=C(O)c1ccc(NS(=O)(=O)c2ccc(Cl)cc2)cc1,analog,64.86486196517944,CHEMBL491747,10.1038/nchembio.2070,chembl_similarity
NCT-503,O=C(O)c1ccc(S(=O)(=O)Nc2ccc(Cl)cc2)cc1,analog,64.86486196517944,CHEMBL390844,10.1038/nchembio.2070,chembl_similarity
NCT-503,CC(=O)Nc1ccc(S(=O)(=O)Nc2ccccc2C(=O)c2ccc(Cl)cc2)cc1,analog,64.4444465637207,CHEMBL472303,10.1038/nchembio.2070,chembl_similarity
BI-4924,O=C(NCC1CCCO1)c1ccc(C(=O)NCC2CCCO2)cc1,analog,63.82978558540344,CHEMBL1365680,10.1021/acs.jmedchem.0c00892,chembl_similarity
BI-4924,O=C(NCC1CCCO1)c1cccc(NS(=O)(=O)c2ccccc2)c1,analog,63.79310488700867,CHEMBL1731214,10.1021/acs.jmedchem.0c00892,chembl_similarity
BI-4924,O=C(NCC1CCCO1)c1cccc(S(=O)(=O)Nc2ccc(F)cc2)c1,analog,63.333332538604736,CHEMBL1883301,10.1021/acs.jmedchem.0c00892,chembl_similarity
BI-4924,O=C(NCC1CCCO1)c1cccc(NS(=O)(=O)c2ccc(Br)cc2)c1,analog,63.333332538604736,CHEMBL1702809,10.1021/acs.jmedchem.0c00892,chembl_similarity
BI-4924,COc1ccc(NS(=O)(=O)c2cccc(C(=O)NCC3CCCO3)c2)cc1,analog,62.90322542190552,CHEMBL1892825,10.1021/acs.jmedchem.0c00892,chembl_similarity
Disulfiram,CCN(CC)C(=S)SSCCO,analog,62.5,CHEMBL1094278,10.3390/molecules24142545,chembl_similarity
BI-4924,Cc1ccc(S(=O)(=O)Nc2cccc(C(=O)NCC3CCCO3)c2)cc1F,analog,61.90476417541504,CHEMBL1400227,10.1021/acs.jmedchem.0c00892,chembl_similarity
Disulfiram,CCCN(CCC)C(=S)SSC(=S)N(CCC)CCC,analog,61.90476417541504,CHEMBL4757113,10.3390/molecules24142545,chembl_similarity
Disulfiram,CCN(CC)C(=S)SCSC(=S)N(CC)CC,analog,61.90476417541504,CHEMBL570813,10.3390/molecules24142545,chembl_similarity
PKUMDL-WQ-2247,Fc1ccc(Nc2nc(NC3CCCC3)nc3[nH]ncc23)cc1,analog,61.53846383094787,CHEMBL2393263,10.1021/acs.jmedchem.8b00789,chembl_similarity
BI-4924,CCOc1ccc(S(=O)(=O)Nc2cccc(C(=O)NCC3CCCO3)c2)cc1,analog,60.9375,CHEMBL1515220,10.1021/acs.jmedchem.0c00892,chembl_similarity
PKUMDL-WQ-2247,Fc1ccc(Nc2nc(NC3CCCCC3)nc3[nH]ncc23)cc1,analog,60.37735939025879,CHEMBL2393262,10.1021/acs.jmedchem.8b00789,chembl_similarity
Disulfiram,CCN(CC)C(=S)SSCC(C)C,analog,60.00000238418579,CHEMBL4226712,10.3390/molecules24142545,chembl_similarity
Disulfiram,CCC(C)SSC(=S)N(CC)CC,analog,60.00000238418579,CHEMBL1098280,10.3390/molecules24142545,chembl_similarity
Disulfiram,CCCCSSC(=S)N(CC)CC,analog,60.00000238418579,CHEMBL1098279,10.3390/molecules24142545,chembl_similarity
Disulfiram,CCCCCCCCCCCCCCCCN(CC)C(=S)SSC(=S)N(CC)CCCCCCCCCCCCCC,analog,60.00000238418579,CHEMBL567397,10.3390/molecules24142545,chembl_similarity
