parent_name,smiles,role,delta_g_kcal_mol,similarity,chembl_id,doi,source,reconstruction_mse
NCT-503,CC(=O)Nc1ccc(NS(=O)(=O)c2ccc(Cl)cc2)cc1,parent,-4.6,100.0,CHEMBL3402761,10.1038/nchembio.2070,anchor,7.638084609240536e-11
BI-4924,Cc1ccc(S(=O)(=O)Nc2ccc(C(=O)NCC3CCCO3)cc2)cc1,parent,-4.85,100.0,,10.1021/acs.jmedchem.0c00892,anchor,2.136639060124068e-10
BI-4924,Cc1ccc(NS(=O)(=O)c2ccc(C(=O)NCC3CCCO3)cc2)cc1,analog,-4.93,100.0,CHEMBL1324798,10.1021/acs.jmedchem.0c00892,anchor,1.9009489815591252e-10
PKUMDL-WQ-2101,Cc1cc(C)c(Nc2nc(N)nc3[nH]ncc23)cc1C,parent,-4.53,100.0,,10.1021/acs.jmedchem.8b00789,anchor,1.0928999927273253e-09
PKUMDL-WQ-2247,Cc1cc(C)c(Nc2nc(NC3CCCC3)nc3[nH]ncc23)cc1C,parent,-4.87,100.0,,10.1021/acs.jmedchem.8b00789,anchor,8.874581625128997e-10
Disulfiram,CCN(CC)C(=S)SSC(=S)N(CC)CC,parent,-2.51,100.0,CHEMBL964,10.3390/molecules24142545,anchor,6.148734854605209e-10
BI-4924,O=C(NCC1CCCO1)c1ccc(S(=O)(=O)Nc2ccc(F)cc2)cc1,analog,-4.64,80.7692289352417,CHEMBL1733360,10.1021/acs.jmedchem.0c00892,anchor,2.2644540409455516e-10
BI-4924,O=C(NCC1CCCO1)c1ccc(NS(=O)(=O)c2ccc(F)cc2)cc1,analog,-4.77,80.7692289352417,CHEMBL5491932,10.1021/acs.jmedchem.0c00892,anchor,1.588445208700051e-10
BI-4924,O=C(NCC1CCCO1)c1ccc(NS(=O)(=O)c2ccccc2)cc1,analog,-4.61,80.39215803146362,CHEMBL1324302,10.1021/acs.jmedchem.0c00892,anchor,1.567476703989712e-10
BI-4924,Cc1ccc(NS(=O)(=O)c2cccc(C(=O)NCC3CCCO3)c2)cc1,analog,-4.98,78.18182110786438,CHEMBL1722077,10.1021/acs.jmedchem.0c00892,anchor,2.5940902204091287e-10
BI-4924,CCOc1ccc(NS(=O)(=O)c2ccc(C(=O)NCC3CCCO3)cc2)cc1,analog,-4.59,76.78571343421936,CHEMBL2135368,10.1021/acs.jmedchem.0c00892,anchor,2.067003374017773e-10
BI-4924,CCOc1ccc(S(=O)(=O)Nc2ccc(C(=O)NCC3CCCO3)cc2)cc1,analog,-4.81,76.78571343421936,CHEMBL1498157,10.1021/acs.jmedchem.0c00892,anchor,2.4387067365516657e-10
Disulfiram,CCN(CC)C(=S)SSC,analog,-2.2,75.0,CHEMBL4227735,10.3390/molecules24142545,anchor,1.538946609036529e-10
BI-4924,Cc1ccc(NS(=O)(=O)c2ccc(C(=O)OCC(=O)NCC3CCCO3)cc2)cc1,analog,-4.17,74.13793206214903,CHEMBL1536622,10.1021/acs.jmedchem.0c00892,anchor,0.00014697702135890722
NCT-503,CC(=O)Nc1ccc(S(=O)(=O)NNc2ccc(Cl)cc2)cc1,analog,-4.95,72.972971200943,CHEMBL3310853,10.1038/nchembio.2070,anchor,7.389769351995312e-11
BI-4924,Cc1ccccc1NS(=O)(=O)c1ccc(C(=O)NCC2CCCO2)cc1,analog,-4.95,72.72727489471436,CHEMBL1563804,10.1021/acs.jmedchem.0c00892,anchor,1.0677807943393347e-10
BI-4924,Cc1ccc(S(=O)(=O)Nc2ccc(S(=O)(=O)NCC3CCCO3)cc2)cc1,analog,-5.18,72.54902124404907,CHEMBL1605771,10.1021/acs.jmedchem.0c00892,anchor,2.7880298070215304e-10
BI-4924,CS(=O)(=O)Nc1ccc(C(=O)NCC2CCCO2)cc1,analog,-4.63,72.54902124404907,CHEMBL1359452,10.1021/acs.jmedchem.0c00892,anchor,9.424266228519329e-11
BI-4924,Cc1ccc(C(=O)Nc2ccc(C(=O)NCC3CCCO3)cc2)cc1,analog,-4.53,72.54902124404907,CHEMBL1873897,10.1021/acs.jmedchem.0c00892,anchor,1.2989753717107533e-10
NCT-503,CC(=O)Nc1ccc(NS(=O)(=O)c2ccc(F)cc2)cc1,analog,-4.21,72.22222089767456,CHEMBL455978,10.1038/nchembio.2070,anchor,2.3818145372667132e-11
NCT-503,CC(=O)Nc1ccc(S(=O)(=O)Nc2ccc(Br)cc2)cc1,analog,-4.71,72.22222089767456,CHEMBL4472939,10.1038/nchembio.2070,anchor,5.181147524901952e-11
NCT-503,CC(=O)Nc1ccc(NS(=O)(=O)c2ccccc2)cc1,analog,-4.23,71.42857313156128,CHEMBL1491346,10.1038/nchembio.2070,anchor,4.6799019520760154e-11
Disulfiram,CCSSC(=S)N(CC)CC,analog,-2.29,71.42857313156128,CHEMBL4224759,10.3390/molecules24142545,anchor,4.0264871992157225e-10
NCT-503,CCC(=O)Nc1ccc(NS(=O)(=O)c2ccc(Cl)cc2)cc1,analog,-4.5,71.05262875556946,CHEMBL1997269,10.1038/nchembio.2070,anchor,1.2040467234353258e-10
NCT-503,O=S(=O)(Nc1ccc(NS(=O)(=O)c2ccc(Cl)cc2)cc1)c1ccc(Cl)cc1,analog,-5.8,70.96773982048035,CHEMBL254426,10.1038/nchembio.2070,anchor,9.051878135934999e-10
NCT-503,O=S(=O)(Nc1ccc(Cl)cc1)c1ccc(Cl)cc1,analog,-4.29,70.96773982048035,CHEMBL183220,10.1038/nchembio.2070,anchor,4.698352470966505e-11
BI-4924,Cc1ccc(NC(=O)c2ccc(S(=O)(=O)NCC3CCCO3)cc2)cc1,analog,-4.57,70.90908885002136,CHEMBL1495360,10.1021/acs.jmedchem.0c00892,anchor,1.926686865605376e-10
BI-4924,Cc1ccc(NS(=O)(=O)c2ccc(OCC(=O)NCC3CCCO3)cc2)cc1,analog,-5.09,70.68965435028076,CHEMBL1717513,10.1021/acs.jmedchem.0c00892,anchor,7.272166757665843e-10
BI-4924,Cc1cccc(NS(=O)(=O)c2ccc(C(=O)NCC3CCCO3)cc2)c1C,analog,-5.1,70.17543911933899,CHEMBL1341738,10.1021/acs.jmedchem.0c00892,anchor,2.8060678780583714e-10
NCT-503,CSc1ccc(S(=O)(=O)Nc2ccc(NC(C)=O)cc2)cc1,analog,-4.58,68.42105388641357,CHEMBL1443566,10.1038/nchembio.2070,anchor,7.393773093777867e-11
NCT-503,COc1ccc(S(=O)(=O)Nc2ccc(NC(C)=O)cc2)cc1,analog,-4.49,68.42105388641357,CHEMBL1500505,10.1038/nchembio.2070,anchor,5.911680173165124e-11
NCT-503,CC(=O)Nc1ccc(S(=O)(=O)Nc2ccc(Nc3ccccc3)cc2)cc1,analog,-5.03,68.42105388641357,CHEMBL1607166,10.1038/nchembio.2070,anchor,1.1126802951233472e-10
BI-4924,Cc1ccc(S(=O)(=O)Nc2ccccc2C(=O)NCC2CCCO2)cc1,analog,-4.65,68.42105388641357,CHEMBL1573759,10.1021/acs.jmedchem.0c00892,anchor,4.06545352937826e-11
BI-4924,Cc1ccc(S(=O)(=O)N(C)c2ccc(C(=O)NCC3CCCO3)cc2)cc1,analog,-4.92,68.42105388641357,CHEMBL1347675,10.1021/acs.jmedchem.0c00892,anchor,3.34103050780854e-10
Disulfiram,CCN(CC)C(=S)SC(=S)N(CC)CC,analog,-2.45,68.42105388641357,CHEMBL2004297,10.3390/molecules24142545,anchor,4.3883896516661025e-10
NCT-503,CC(=O)Nc1ccc(S(=O)(=O)Nc2ccc(Cl)cn2)cc1,analog,-4.68,68.29268336296082,CHEMBL1865922,10.1038/nchembio.2070,anchor,6.701870308711833e-11
Disulfiram,CCN(CCO)C(=S)SSC(=S)N(CC)CCO,analog,-1.98,68.18181872367859,CHEMBL4858425,10.3390/molecules24142545,anchor,1.3108258922756022e-09
NCT-503,CC(=O)Nc1ccc(Cl)cc1,analog,-3.82,67.7419364452362,CHEMBL15991,10.1038/nchembio.2070,anchor,3.208257617903776e-11
NCT-503,CC(=O)Nc1ccc(S(=O)(=O)NCC(=O)Nc2ccc(Cl)cc2)cc1,analog,-4.79,67.5000011920929,CHEMBL3793965,10.1038/nchembio.2070,anchor,4.262394603937736e-11
BI-4924,CCCNS(=O)(=O)c1ccc(C(=O)NCC2CCCO2)cc1,analog,-4.4,67.27272868156433,CHEMBL1549405,10.1021/acs.jmedchem.0c00892,anchor,1.2413078898099172e-10
BI-4924,O=C(NCC1CCCO1)c1ccc(NS(=O)(=O)c2cccc([N+](=O)[O-])c2)cc1,analog,-5.16,67.21311211585999,CHEMBL1418324,10.1021/acs.jmedchem.0c00892,anchor,4.898739747183356e-10
NCT-503,CC(=O)Nc1ccc(S(=O)(=O)Nc2ccc([N+](=O)[O-])cc2)cc1,analog,-5.57,66.66666865348816,CHEMBL493636,10.1038/nchembio.2070,anchor,1.2038227359401077e-10
NCT-503,CC(=O)Nc1ccc(S(=O)(=O)Nc2ccc(C#N)cc2)cc1,analog,-4.97,66.66666865348816,CHEMBL4100318,10.1038/nchembio.2070,anchor,1.3293435796590813e-10
NCT-503,CNC(=S)Nc1ccc(S(=O)(=O)Nc2ccc(Cl)cc2)cc1,analog,-4.75,66.66666865348816,CHEMBL246556,10.1038/nchembio.2070,anchor,4.823590971092528e-10
Disulfiram,CCN(CC)CC(=S)SSC(=S)N(CC)CC,analog,-2.59,66.66666865348816,CHEMBL5417591,10.3390/molecules24142545,anchor,1.1726788429200496e-09
BI-4924,Cc1ccc([N+](=O)[O-])cc1S(=O)(=O)Nc1ccc(C(=O)NCC2CCCO2)cc1,analog,-5.52,66.12903475761414,CHEMBL1514939,10.1021/acs.jmedchem.0c00892,anchor,6.513544703601326e-10
NCT-503,CC(=O)Nc1ccc(NS(=O)(=O)c2ccc(Cl)c(C(=O)O)c2)cc1,analog,-4.89,65.85366129875183,CHEMBL1303775,10.1038/nchembio.2070,anchor,3.1611221973371073e-10
NCT-503,Cc1ccc(S(=O)(=O)Nc2ccc(Cl)cc2)cc1,analog,-4.26,65.71428775787354,CHEMBL181809,10.1038/nchembio.2070,anchor,8.243290772202982e-11
NCT-503,Cc1ccc(NS(=O)(=O)c2ccc(Cl)cc2)cc1,analog,-4.31,65.71428775787354,CHEMBL180683,10.1038/nchembio.2070,anchor,4.160773461880929e-11
NCT-503,CS(=O)(=O)Nc1ccc(S(=O)(=O)Nc2ccc(Cl)cc2)cc1,analog,-5.6,65.71428775787354,CHEMBL228085,10.1038/nchembio.2070,anchor,1.0396539878998468e-10
NCT-503,O=S(=O)(Nc1ccc(O)cc1)c1ccc(Cl)cc1,analog,-4.31,65.71428775787354,CHEMBL3314631,10.1038/nchembio.2070,anchor,1.1967490887165866e-10
NCT-503,Cc1ccc(S(=O)(=O)Nc2ccc(NS(=O)(=O)c3ccc(Cl)cc3)cc2)cc1,analog,-5.08,65.71428775787354,CHEMBL482650,10.1038/nchembio.2070,anchor,3.9956662978291035e-10
BI-4924,O=C(NCC1CCCO1)c1ccc(S(=O)(=O)Nc2ccccc2F)cc1,analog,-4.45,65.51724076271057,CHEMBL1592052,10.1021/acs.jmedchem.0c00892,anchor,2.0894024010953416e-10
BI-4924,O=C(NCC1CCCO1)c1ccc(NS(=O)(=O)c2cccs2)cc1,analog,-4.71,65.51724076271057,CHEMBL1445764,10.1021/acs.jmedchem.0c00892,anchor,1.511931552178325e-10
Disulfiram,CCCSSC(=S)N(CC)CC,analog,-2.34,65.21739363670349,CHEMBL4229120,10.3390/molecules24142545,anchor,3.4470354348670185e-10
Disulfiram,CCN(CC)C(=S)SSC(C)C,analog,-2.56,65.21739363670349,CHEMBL1097570,10.3390/molecules24142545,anchor,2.2780856367976554e-10
NCT-503,Cc1ccc(NC(=S)Nc2ccc(S(=O)(=O)Nc3ccc(Cl)cc3)cc2)cc1,analog,-5.59,64.99999761581421,CHEMBL393483,10.1038/nchembio.2070,anchor,3.652454172442532e-10
NCT-503,CC(=O)Nc1ccc(S(=O)(=O)Nc2ccc(S(=O)(=O)Nc3ncccn3)cc2)cc1,analog,-5.61,64.99999761581421,CHEMBL259841,10.1038/nchembio.2070,anchor,0.0001377998269163072
NCT-503,CC(=O)Nc1ccc(NS(=O)(=O)c2cc(Cl)ccc2Cl)cc1,analog,-4.95,64.99999761581421,CHEMBL2134402,10.1038/nchembio.2070,anchor,7.420811881653222e-11
NCT-503,Cc1ccc(NS(=O)(=O)c2ccc(NC(=S)Nc3ccc(Cl)cc3)cc2)cc1,analog,-5.68,64.99999761581421,CHEMBL2234397,10.1038/nchembio.2070,anchor,0.0001715662219794467
Disulfiram,CCN(CC)C(=S)SC,analog,-2.23,64.99999761581421,CHEMBL1745,10.3390/molecules24142545,anchor,2.2110774322570137e-10
BI-4924,CCCCS(=O)(=O)Nc1ccc(C(=O)NCC2CCCO2)cc1,analog,-4.08,64.91228342056274,CHEMBL1561025,10.1021/acs.jmedchem.0c00892,anchor,1.962416756873253e-10
NCT-503,CC(=O)Nc1ccc(S(=O)(=O)Nc2ccccc2NS(=O)(=O)c2ccc(NC(C)=O)cc2)cc1,analog,-5.51,64.86486196517944,CHEMBL4063466,10.1038/nchembio.2070,anchor,2.9694893655118904e-08
NCT-503,O=C(O)c1ccc(NS(=O)(=O)c2ccc(Cl)cc2)cc1,analog,-4.71,64.86486196517944,CHEMBL491747,10.1038/nchembio.2070,anchor,1.8201698481767892e-10
NCT-503,O=C(O)c1ccc(S(=O)(=O)Nc2ccc(Cl)cc2)cc1,analog,-5.09,64.86486196517944,CHEMBL390844,10.1038/nchembio.2070,anchor,1.1179183273535287e-10
NCT-503,CC(=O)Nc1ccc(S(=O)(=O)Nc2ccccc2C(=O)c2ccc(Cl)cc2)cc1,analog,-5.14,64.4444465637207,CHEMBL472303,10.1038/nchembio.2070,anchor,4.1889136603856514e-10
BI-4924,O=C(NCC1CCCO1)c1ccc(C(=O)NCC2CCCO2)cc1,analog,-4.0,63.82978558540344,CHEMBL1365680,10.1021/acs.jmedchem.0c00892,anchor,1.7738301105740817e-10
BI-4924,O=C(NCC1CCCO1)c1cccc(NS(=O)(=O)c2ccccc2)c1,analog,-4.4,63.79310488700867,CHEMBL1731214,10.1021/acs.jmedchem.0c00892,anchor,1.8924041500500977e-10
BI-4924,O=C(NCC1CCCO1)c1cccc(S(=O)(=O)Nc2ccc(F)cc2)c1,analog,-4.65,63.333332538604736,CHEMBL1883301,10.1021/acs.jmedchem.0c00892,anchor,2.7886393194620496e-10
BI-4924,O=C(NCC1CCCO1)c1cccc(NS(=O)(=O)c2ccc(Br)cc2)c1,analog,-4.98,63.333332538604736,CHEMBL1702809,10.1021/acs.jmedchem.0c00892,anchor,9.469932615857601e-10
BI-4924,COc1ccc(NS(=O)(=O)c2cccc(C(=O)NCC3CCCO3)c2)cc1,analog,-4.4,62.90322542190552,CHEMBL1892825,10.1021/acs.jmedchem.0c00892,anchor,2.7447655259749126e-10
Disulfiram,CCN(CC)C(=S)SSCCO,analog,-3.11,62.5,CHEMBL1094278,10.3390/molecules24142545,anchor,2.446519653531709e-10
BI-4924,Cc1ccc(S(=O)(=O)Nc2cccc(C(=O)NCC3CCCO3)c2)cc1F,analog,-5.08,61.90476417541504,CHEMBL1400227,10.1021/acs.jmedchem.0c00892,anchor,4.567051181680881e-10
Disulfiram,CCCN(CCC)C(=S)SSC(=S)N(CCC)CCC,analog,-2.37,61.90476417541504,CHEMBL4757113,10.3390/molecules24142545,anchor,1.8559300762888142e-09
Disulfiram,CCN(CC)C(=S)SCSC(=S)N(CC)CC,analog,-2.52,61.90476417541504,CHEMBL570813,10.3390/molecules24142545,anchor,7.533100809808957e-10
PKUMDL-WQ-2247,Fc1ccc(Nc2nc(NC3CCCC3)nc3[nH]ncc23)cc1,analog,-4.45,61.53846383094787,CHEMBL2393263,10.1021/acs.jmedchem.8b00789,anchor,4.5712478247139643e-10
BI-4924,CCOc1ccc(S(=O)(=O)Nc2cccc(C(=O)NCC3CCCO3)c2)cc1,analog,-4.72,60.9375,CHEMBL1515220,10.1021/acs.jmedchem.0c00892,anchor,2.374138385885516e-10
PKUMDL-WQ-2247,Fc1ccc(Nc2nc(NC3CCCCC3)nc3[nH]ncc23)cc1,analog,-5.07,60.37735939025879,CHEMBL2393262,10.1021/acs.jmedchem.8b00789,anchor,6.584888745386763e-10
Disulfiram,CCN(CC)C(=S)SSCC(C)C,analog,-2.65,60.00000238418579,CHEMBL4226712,10.3390/molecules24142545,anchor,2.7958138582029335e-10
Disulfiram,CCC(C)SSC(=S)N(CC)CC,analog,-2.32,60.00000238418579,CHEMBL1098280,10.3390/molecules24142545,anchor,1.8120682732103432e-10
Disulfiram,CCCCSSC(=S)N(CC)CC,analog,-2.11,60.00000238418579,CHEMBL1098279,10.3390/molecules24142545,anchor,5.135467606720567e-10
Disulfiram,CCCCCCCCCCCCCCCCN(CC)C(=S)SSC(=S)N(CC)CCCCCCCCCCCCCC,analog,0.0,60.00000238418579,CHEMBL567397,10.3390/molecules24142545,anchor,0.00030551812960766256
