ligand_idx,smiles,delta_g_kcal_mol,mw,rot_bonds,hbd,hba,qed,sa,n_rings,max_poly_run,max_alkyne_run,pains_flag,brenk_flag,source
1,O=C([C][C]1[C][C]=[C][C]=[C]1)N[C]C1=[C][C]=[C][C]1,0.0,199.168,4,1,1,0.6439,7.4324,2,2,0,0,1,recovered_735
100,[C][C]([C])[C]/[C]=[C]/[C]=[C]/[C]=[C]/[C]N[C][C][C]c1[c][c][c][c][c]1,0.0,255.235,10,1,1,0.376,7.7776,1,3,0,0,1,recovered_735
101,[C][C]([C])/[C]=C([C])/[C]=[C]/[C]([C])c1[c][c][c][c]c1[C]=O,0.0,220.186,5,0,1,0.6787,7.5924,1,2,0,0,1,recovered_735
102,[C][C][C]/[C]=[C]/[C]=[C]/[C]=[C]/[C]=[C]/[C]([C])/[C]=C1\[C]=[C][C]=[C][C@]1([C])O[C][C],0.0,292.252,9,0,1,0.5865,6.6268,1,4,0,0,1,recovered_735
103,[C]C#C[C]/[C]=[C]/[C][C]/C([C])=[C]/[C]=[C],0.0,156.143,5,0,0,0.4107,7.3298,0,2,1,0,1,recovered_735
104,O=[C][C]1[C][C]C2=C1[C][C]=[C]2,0.0,124.098,1,0,1,0.4942,7.3057,2,2,0,0,0,recovered_735
105,[C][C]1[C][C]/C(=[C]/[C]C2([C])[C]=[C][C]=[C]2)[C]1[C]=[C],0.0,192.176,3,0,0,0.6318,7.8856,2,2,0,0,0,recovered_735
106,[C][C][C][C][C]C1=NN=N[C]1/[C]=[C]/[C]N[C]([C])[C]c1[c][c][c][c][c]1,0.0,285.245,10,1,4,0.511,7.3717,2,1,0,0,1,recovered_735
107,[C][C][C]/[C]=[C]/[C]=[C]/[C]=[C]/[C]=[C]/[C][C][C]1[C][C]OC([C])([C])S1,0.0,276.275,8,0,2,0.6256,7.5973,1,4,0,0,1,recovered_735
108,[C][C][C][C][C]N[C][C][C][C][C@]1(N)[C]=[C][C]2[C][C]=[C][C]C2=[C]1,0.0,259.247,9,2,2,0.4599,5.6489,2,1,0,0,1,recovered_735
109,[C][C][C]/[C]=[C]/[C]=[C]/[C]1[C]([C])[C][C]2[C]1[C][C](O[C])[C]=C2[C]Cl,0.0,279.661,6,0,1,0.6778,7.4931,2,2,0,0,1,recovered_735
11,[C]#[C].[C][C]/[C]=[C]\[C][C]/[C]=[C]/[C][C],0.0,144.132,5,0,0,0.3982,7.4674,0,1,1,0,1,recovered_735
110,[C][C][C]/[C]=[C]/c1[c][c]c2[c][c][c]c([C])c2[c]1,0.0,192.176,3,0,0,0.6957,7.8054,2,1,0,0,0,recovered_735
111,[C]/[C]=[C]/[C]c1[c][c][c][c]c1[C],0.0,132.121,2,0,0,0.5628,7.7756,1,1,0,0,0,recovered_735
113,[C][C][C]/[C]=[C]/c1[c][c][nH][c]1,0.0,123.114,3,1,0,0.6078,7.5948,1,1,0,0,0,recovered_735
114,[C]/[C]=[C]/[C][C]/[C]=[C]/[C][C][C][C]1[C]=[C][C]=[C]1,0.0,180.165,7,0,0,0.5166,7.6181,1,2,0,0,1,recovered_735
115,[C][C][C]1[C]([C]=[C])[C][C][C]/C1=[C]/C([C])=O,0.0,172.142,3,0,1,0.5701,7.2547,1,1,0,0,1,recovered_735
116,[C][C][C][C]C1=C([C]Cl)[C]=[C][C]1,0.0,155.563,4,0,0,0.5793,7.3201,1,2,0,0,0,recovered_735
117,[C][C]/[C]=[C]/[C]=[C]/[C]/[C]=[C]/[C]=[C]/[C]c1[c][c]c([C]/[C]=[C]/[C]=[C]/[C])n[c]1,0.0,290.26,10,0,1,0.5972,7.7308,1,2,0,0,1,recovered_735
118,[C][C]/[C]=[C]/[C]=[C]/[C]=[C]/c1[c][c][c]c2c1=[C][C]N[C]=2,0.0,219.202,4,1,1,0.6736,7.7589,2,3,0,0,1,recovered_735
119,[C][C]/[C]=[C]/[C]=[C]/[C][C][C][C]1[C][C]=C2[C]([C])[C][C][C]N12,0.0,230.205,6,0,1,0.4896,7.7452,2,2,0,0,1,recovered_735
12,[C]=[C]/[C]=[C]/[C]=[C]/c1[c][c][c]n[c]1,0.0,146.128,3,0,1,0.5696,7.6615,1,3,0,0,1,recovered_735
120,[C][C]/[C]=[C]/c1[c]n[c]c2c1[C][C][C]2,0.0,158.139,2,0,1,0.6204,7.6319,2,1,0,0,0,recovered_735
121,[C][C][C][C][C]([C])[C]/[C]=[C]/[C]=[C]/[C]=[C]/[C]=[C]/[C][C]1[C][C]1[C]1[C][C]1,0.0,264.242,11,0,0,0.4991,7.6209,2,4,0,0,1,recovered_735
122,[C][C][C][C]([C])/[C]=[C]/[C]=C1/[C][C][C][C][C]1[C]C([C])=O,0.0,220.186,6,0,1,0.6508,7.4681,1,2,0,0,0,recovered_735
123,[C][C]/[C]=[C]/[C]/[C]=C1\[C][C]([C]Cl)/C(=[C]/[C])[C]1,0.0,203.607,4,0,0,0.6556,7.3579,1,1,0,0,0,recovered_735
124,[C][C]/[C]=C1\[C][C]([C])[C][C]1[C],0.0,120.11,1,0,0,0.4817,7.6065,1,1,0,0,0,recovered_735
125,[C]/[C]=[C]/[C]=[C]/Cl,0.0,95.508,1,0,0,0.428,6.8972,0,2,0,0,1,recovered_735
126,[C]/[C]=[C]/[C]=C(\[C]/[C]=[C]/[C][C][C]F)[C]1[C]N2[N][C]1[C]C2=O,0.0,255.187,7,0,1,0.4811,7.755,2,2,0,0,1,recovered_735
127,[C][C]/[C]=[C]/[C]=[C]/[C]=[C]/[C]=C1/[C]=[C][C]=[C]N1,0.0,183.169,4,1,1,0.633,7.6329,1,6,0,0,1,recovered_735
128,[C][C][C][C]/[C]=[C]/[C][C]1[C]=[C][C]=[C]1,0.0,144.132,5,0,0,0.5043,7.6255,1,2,0,0,1,recovered_735
129,[C]/[C]=[C]/[C]=[C]/Cl,0.0,95.508,1,0,0,0.428,6.8972,0,2,0,0,1,recovered_735
13,[C][C][C][C]([C])/[C]=[C]\[C]1[N][C][C]2[C]([C])[C]=[C][C]=C12,0.0,206.183,4,0,0,0.6484,7.6364,2,2,0,0,0,recovered_735
130,[C][C][C@@]1([C])C([C])([C])[C]NC1([C])[C],0.0,147.136,1,1,1,0.548,6.8476,1,0,0,0,0,recovered_735
131,[C][C]1[C][C][C][C]1[C]1[C][C][C][C]1,0.0,132.121,1,0,0,0.4968,7.9674,2,0,0,0,0,recovered_735
132,[C]/[C]=[C]/[C]=C1\[C][C][C]2[C][C][C][C]1[C]2[C][C]/[C]=[C]/[C]=[C]/[C]O[C],0.0,268.23,7,0,1,0.6387,7.079,2,2,0,0,1,recovered_735
133,[C][C]([C])[C]c1[c][c][c]c([C])c1[C],0.0,144.132,2,0,0,0.5835,7.7538,1,0,0,0,0,recovered_735
134,[C][C][C]/[C]=C([C])/[C]=[C]/[C]=C(/C#C[C])[C]1[C]=[C][C]=C([NH])N1[C][C],0.0,269.242,6,0,1,0.5239,7.517,1,3,1,0,1,recovered_735
135,[C][C][C][C][C](N)[C][C]/[C]=[C]/[C]N1[C]=[C][C]=[C][C]1[C][C]([C])[C],0.0,258.239,10,1,2,0.6227,7.5693,1,2,0,0,0,recovered_735
136,[C][C][C][C]1[C][C]NC([C]Cl)=[C]1,0.0,158.567,3,1,1,0.6464,7.3411,1,1,0,0,0,recovered_735
137,[C][C][C]=[C],0.0,48.044,1,0,0,0.4001,7.4353,0,1,0,0,0,recovered_735
138,[C]C1=[C][C](/C([C])=[C]/[C][N][O])C([C][C]/[C]=[C]/[C]=[C]/[C]=[C]/[C]=[C])=[C]1,0.0,270.226,9,0,0,0.4462,7.5873,1,4,0,0,1,recovered_735
139,O=C([C]S)[C][C][C][C][C]=C=[C]Cl,0.0,192.626,6,1,2,0.3822,6.388,0,2,0,0,1,recovered_735
14,O=C([C]Cl)NC1=N[C][C]=C(SC2=C3ON[C][C]3[C][C]2)[C]1,0.0,299.698,3,2,5,0.8116,6.7592,3,1,0,0,0,recovered_735
140,[C]/[C]=[C]/[C]=[C]/[C]=[C]/[C]=[C]/c1[c][c][c]c([C])c1N1[C][C]=[C][C]=C1[NH],0.0,281.253,5,0,1,0.7525,7.7402,2,4,0,0,1,recovered_735
141,[C][C][C][C][C][C][C]([C])[C][C][C],0.0,132.121,7,0,0,0.4512,7.4507,0,0,0,0,1,recovered_735
142,[C]/[C]=[C]/C([C])=[C]/C([C])=[C]/[C]=[C]/[C][C]=[C],0.0,168.154,5,0,0,0.5424,7.512,0,4,0,0,1,recovered_735
143,[C][C]C1=[C]C(/[C]=[C]/[C][C]2[C]([C])[C](O)[C]3[C]=[C][C][C]23)=[C][C]1,0.0,245.216,4,1,1,0.7957,7.4757,3,3,0,0,0,recovered_735
144,[C][C][C]/[C]=C(\[C]=[C]\[C]=[C]\[C][C])c1[c][c][c][c]n1,0.0,206.183,6,0,1,0.6375,7.6623,1,3,0,0,1,recovered_735
146,[C]/[C]=[C]/[C]=C(\[C])[C]C1=C(/[C]=[C]/[C][C][C]2[C][C]3[C][C]2[C]N[C]3[C]F)[C][C][C]1,0.0,322.277,8,1,1,0.675,7.1297,3,2,0,0,1,recovered_735
147,[C][C][C@]1([C])[C][C]=[C][C]=C1[C][C]=O,0.0,148.12,3,0,1,0.5661,7.9489,1,2,0,0,0,recovered_735
148,[C][C]/[C]=[C]/[C]=C1\[C]=N[C]([C][C]2[C]([C])[C][C][C]2[C][C][C][C][C]O[C]N)C1=N,0.0,325.286,11,2,4,0.4388,7.4143,2,2,0,0,1,recovered_735
149,[C][C][C][C]C(=N)[C][C][C][C][C]([C])[C],0.0,159.147,8,1,1,0.4019,7.2111,0,0,0,0,1,recovered_735
15,[C][C]/[C]=[C]/[C]=[C]/[C]=[C]/c1[c][c][c][c]c1[C]=O,0.0,196.164,5,0,1,0.6379,7.4514,1,3,0,0,1,recovered_735
150,[C][C]/[C]=[C]/[C]=C(\[C][C]1[C][C]=[C][C]([C][C])[C]1[C])C1=[C]O[C][C]=[C]1,0.0,268.23,6,0,1,0.6673,7.8486,2,4,0,0,1,recovered_735
151,[C]/[C]=[C]/[C]=[C]/Cl,0.0,95.508,1,0,0,0.428,6.8972,0,2,0,0,1,recovered_735
152,[C]/[C]=[C]/[C]=[C]/[C]=[C]/C1=[C]C([C])=[C]N([C][C][C]2[C][C][C][C]2[C])N1,0.0,269.242,6,1,2,0.7226,7.7044,2,5,0,0,1,recovered_735
153,[C][C]([C])N[C]c1[c][c][c][c]c1/[C]=[C]/[C]=[C]/[C]=[C],0.0,207.191,6,1,1,0.5399,7.6361,1,3,0,0,1,recovered_735
154,[C][C]/[C]=[C]/[C][C]C1=[C]C([C])=[C][C]1,0.0,144.132,4,0,0,0.5543,7.6366,1,2,0,0,0,recovered_735
155,O=[C]C1=[C][C]=[C][C][C]1,0.0,100.076,1,0,1,0.4585,7.4931,1,2,0,0,0,recovered_735
157,[C][C][C][C][C]([C])[C]([C])/[C]=[C]/C#CCl,0.0,179.585,5,0,0,0.5616,7.002,0,1,1,0,1,recovered_735
158,[C][C]NC(=[C])[C]c1[c][c][c][c]c1[N][C]=[C],0.0,185.165,6,1,1,0.6448,7.6274,1,1,0,0,1,recovered_735
159,[C][C]1[C][C]2[C][C][C][C]1[C]2/C(O)=[C]\[C]=[C]\[C]=[C],0.0,197.172,3,1,1,0.5338,7.9915,2,3,0,0,1,recovered_735
16,[C]=[C]c1[c][c][c][c]c1[C][C]/[C]=[C]/[NH],0.0,159.147,4,0,0,0.6207,7.6161,1,1,0,0,0,recovered_735
160,[C][C]/[C]=[C]/[C]=[C]/[C]=[C]/[C]=[C]/[C]=[C]/[C]=[C]/[C]1[C][C]1[C]1[C][C]1,0.0,240.22,8,0,0,0.5656,7.549,2,6,0,0,1,recovered_735
161,[C][C][C][C]/[C]=[C]/[C]=[C]/[C]N/[C]=[C]/[C],0.0,159.147,7,1,1,0.3235,7.3411,0,2,0,0,1,recovered_735
162,[C][C]/[C]=[C]/[C]=[C]/C1=C(/[C]=C2\[C]=[C]N[C]N2)[C]=[C][C]1[C],0.0,234.217,4,2,2,0.6965,7.5587,2,5,0,0,1,recovered_735
163,O=C([C][C][C][C][C]1[C]=[C]c2[c][c][c][c]c21)[C]1[C]2[C][C][N][C]1[C]=[C][C]2,0.0,294.248,6,0,1,0.7174,6.7582,4,1,0,0,1,recovered_735
164,[C]N[C][C][C]/[C]=[C]/[C]=C1[C][C][C][C]1,0.0,159.147,5,1,1,0.4561,7.6473,1,2,0,0,1,recovered_735
165,[C]/[C]=[C]/[C]=[C]/[C]=[C]/[C]=[C]/[C]c1[c][c][c][c]n1,0.0,194.172,5,0,1,0.6358,7.6505,1,4,0,0,1,recovered_735
166,[C][C]([C])/[C]=[C]/[C]=[C]/c1n[c][nH]n1,0.0,151.128,3,1,2,0.619,6.9959,1,2,0,0,1,recovered_735
167,[C]/[C]=[C]/[C]=[C]/[C]1[C][N]N(/[C]=[C]/c2[c][c][c][c]c2[C])[C]1,0.0,232.201,4,0,1,0.6982,7.7933,2,2,0,0,1,recovered_735
168,[C][C]/[C]=[C]/C#Cc1[c][c]c([C])[c]c1[C][C]N/[C]=[C]/[C],0.0,231.213,5,1,1,0.4522,7.4403,1,1,1,0,1,recovered_735
169,[C][C][C][C][C@@]1([C][C@]2(O)[C][C][C][C]=[C]2)[C][C][C][C]1C([C])=O,0.0,249.204,6,1,2,0.7206,6.5298,2,1,0,0,0,recovered_735
17,[C][C]/[C]=[C]/[C]=[C]/[C]=[C]/c1[c][c][c][c]c1[C]([C])N[C]1[C][C][C][C][C]1[C][C],0.0,303.279,8,1,1,0.7189,7.8741,2,3,0,0,1,recovered_735
170,[C][C]/[C]=[C]/[C][C][C]/[C]=[C]/c1[c][c][c][c]c1-c1[c][c][c][c]c1N[C],0.0,279.257,8,1,1,0.7311,7.8934,2,1,0,0,1,recovered_735
171,[C][C][C][C][C]N[C][C]/[C]=N/[C](O)C1=[C][C][C][C]=[C]1,0.0,226.194,9,2,3,0.3403,7.3847,1,2,0,0,1,recovered_735
172,[C]/[C]=[C]/[C]=[C]/[C]=[C]/[C]/[C]=[C]/[C]=C1/[C][C@]2([C])[C][C]N1[C]2,0.0,230.205,5,0,1,0.64,7.7863,2,3,0,0,1,recovered_735
173,[C]C(=O)/[C]=[C]/[C][C]1[C][C][C]=[C][C]1,0.0,148.12,3,0,1,0.5287,7.3824,1,1,0,0,1,recovered_735
174,[C]c1[c][c][c]c([C])[c]1,0.0,96.088,0,0,0,0.447,7.9443,1,0,0,0,0,recovered_735
175,[C]=[C]/[C]=[C]/[C]=[C]/[C][C][C][C]1[C][C][C][C]1,0.0,168.154,6,0,0,0.4118,7.675,1,3,0,0,1,recovered_735
176,[C][C][C][C][C]c1[c][c][c][c]c1[C],0.0,144.132,4,0,0,0.5546,7.7485,1,0,0,0,1,recovered_735
177,[C]O/[C]=[C]/C#C[C][C]([C])[C],0.0,124.098,2,0,1,0.3846,7.0714,0,1,1,0,1,recovered_735
178,[C][C][C]/C([C])=C(\[C])[N][C][C]/N=[C]/[C]=[C]/[C]=[C]/[C]=[C]/N[C][C],0.0,259.227,11,1,2,0.2488,7.5763,0,3,0,0,1,recovered_735
179,[C][C]([C])[C][C][C]C#CCl,0.0,131.541,3,0,0,0.3987,6.7308,0,0,1,0,1,recovered_735
18,[C][C]C1=[C][C]N[C]1c1[c]nn([C]([C])/[C]=[C]/[C])c1/[C]=[C]/[C]C([C])=O,0.0,287.237,7,1,3,0.772,7.3079,2,1,0,0,0,recovered_735
180,[C]1[C][C]=C2[C][C][C][C]2[C]1,0.0,108.099,0,0,0,0.4304,3.7089,2,1,0,0,0,recovered_735
181,[C]/[C]=[C]/[C]=C([C])\C([C])=[C]\[C]=[C]\Cl,0.0,167.574,3,0,0,0.562,7.2229,0,4,0,0,1,recovered_735
182,[C][C][C]([C])[C][C][C][C][C][N]/[C]=[C]/[C]c1[c][c][c][c]c1N[C][C]N,0.0,285.265,13,2,2,0.4136,7.6078,1,1,0,0,1,recovered_735
183,[C][C]([C][C][C][C]1[C][C][C][C]1)[C]/[C]=[C]/[C]=[C],0.0,180.165,7,0,0,0.5166,7.7181,1,2,0,0,1,recovered_735
185,[C][C][C]/[C]=[C]/[C]=[C]/[C]=[C]/[C]1[C][C][C][C]=[C]1,0.0,180.165,5,0,0,0.5579,7.7321,1,3,0,0,1,recovered_735
186,[C]N/[C]=[C]/[C][C]S[C][C]1[C][C]C2=C1[C]=[C][C]2,0.0,215.236,6,1,2,0.5312,7.6013,2,2,0,0,1,recovered_735
187,[C][C]/[C]=[C]/[C]=[C]/[C]/[C]=[C]/[C]=[C]/[C]1[C][C][C][C]2[C][C][C][C]21,0.0,240.22,6,0,0,0.6189,7.7846,2,2,0,0,1,recovered_735
188,[C]/[C]=[C]/[C]=[C]/[C]=C(\[C])c1[c][c][c][nH]1,0.0,159.147,3,1,0,0.6356,7.6178,1,3,0,0,1,recovered_735
189,[C][C][C]/[C]=[C]/[C][C][C][C][C][C]1[C]2[C][C][C][C]1[C]([C]1[C]N[C]([C])[C]1)[C]2,0.0,291.268,9,1,1,0.6329,7.2028,3,1,0,0,1,recovered_735
190,[C]=[C]c1[c][c][c][c]c1[C][C]O[C][C][C]Cl,0.0,207.595,7,0,1,0.6198,7.4455,1,1,0,0,1,recovered_735
191,[C]([C][C]1[C]2[C][C]=[C][C]1[C][C]=[C]2)[C]C1=[C][C][C]=[C]1,0.0,204.187,4,0,0,0.6499,7.3651,3,2,0,0,0,recovered_735
192,[C]/[C]=[C]/[C]=C(\[C])[C][C][C]C#C[C],0.0,144.132,4,0,0,0.3121,7.3128,0,2,1,0,1,recovered_735
193,[C]/[C]=[C]/[C]/C([C]/C([C])=[C]/[C]=[C]/[C]=[C]/[C]=[C])=C1/[C]N2[C]=[C][C]=[C][C@]2([C])N1,0.0,305.275,7,1,2,0.7059,6.3141,2,4,0,0,1,recovered_735
194,[C][N][C]([C][C][C]c1[c][c][c][c]c1[C])c1[c][c][c][c]c1N,0.0,246.228,6,1,1,0.7567,7.7201,2,0,0,0,1,recovered_735
195,[C][N][C][C]N1[C]N[C]C([C])=C1/[C]=[C]/C1=[C][C][C][C][C]1,0.0,235.205,5,1,2,0.7387,7.8341,2,3,0,0,0,recovered_735
196,[C][C]/[C]=[C]/[C]=[C]/[C]/C([C])=[C]/[C]C([C])([C])[C],0.0,180.165,6,0,0,0.5389,7.6263,0,2,0,0,1,recovered_735
197,[C]/[C]=[C]/C(=O)N([C])[C]/[C]=[C]/[C]=[C]/[C]=[C]/[C]=[C]/[C][C]F,0.0,241.18,8,0,1,0.3509,7.0523,0,4,0,0,1,recovered_735
198,[C][C][C][C][C]([C])[C][C][C]([C])[C]1[C][C][C][C]1c1[c][c]c([C])[c]c1Cl,0.0,299.695,8,0,0,0.6923,7.6775,2,0,0,0,0,recovered_735
199,[C]/[C]=[C]/[C]=[C]/[C]([C])[C]N([C])[C][C]c1[c][c][c]c2c1[C][C]([C])[C]2,0.0,266.238,7,0,1,0.5345,7.8298,2,2,0,0,1,recovered_735
2,[C]/[C]=[C]/[C]=C(N)\[C]=[C]\[C]=[C]\[C]=[C]\[C]=C1\[C][C][C]2[C]([C])[C][C][C]21,0.0,268.254,5,1,1,0.7465,7.5262,2,6,0,0,1,recovered_735
20,[C]C(=O)[C][C]/[C]=[C]/c1[c][c][c][c]c1/[C]=C1/[C][C]=[C][C]=C1N[C]=[C],0.0,283.245,7,1,2,0.7552,7.6709,2,3,0,0,1,recovered_735
201,[C][C][C]([C])/C([C][C][NH])=[C]\[C]=[C]\[C]=[C]\[C],0.0,171.158,6,0,0,0.5293,7.358,0,3,0,0,1,recovered_735
202,[C]=[C][C][C][C][C][C]1[C][C][C][C]1,0.0,132.121,5,0,0,0.4873,7.715,1,1,0,0,1,recovered_735
203,[C][C][C]C1=C2[C]([C][C][C]1)[C][C][C]2[C][C][C]=[C],0.0,192.176,5,0,0,0.6181,7.5923,2,1,0,0,0,recovered_735
204,[C][C][C][C][C]/[C]=[C]/C#C/[C]=[C]/[C]([C])[C][C],0.0,180.165,6,0,0,0.4233,7.2595,0,1,1,0,1,recovered_735
205,[C]1=[C]C(=[C]c2[c][c][c][c][c]2)[C]=[C]1,0.0,144.132,1,0,0,0.5534,3.5939,2,3,0,0,0,recovered_735
206,[C]c1[c][c][c][c]c1/[C]=[C]/[C@@]([C])(N)/[C]=[C]/[C][C]=[C],0.0,208.199,5,1,1,0.7503,7.9581,1,1,0,0,0,recovered_735
207,[C]c1[c][c][c]c(Cl)c1/[C]=[C]/[C]=[C]/O,0.0,184.581,2,1,1,0.5497,6.8413,1,2,0,0,1,recovered_735
208,[C][C][C]1[C][C][C](/[C]=[C]/[C][C]=O)/C(=[C]\[C]=[C]\[C]/[C]=[C]/[C]=[C]/[C])[C]1[C],0.0,280.241,8,0,1,0.614,7.501,1,2,0,0,1,recovered_735
209,[C][C]1[C][C]1[C]1[C][C]1,0.0,84.077,1,0,0,0.4354,7.3433,2,0,0,0,0,recovered_735
21,[C]/[C]=[C]/[C]=[C]/[C]=C([C])/[C]=[C]/C(=O)[C][C]([C])[C]([C])[C]=[C],0.0,232.197,8,0,1,0.4509,7.3218,0,4,0,0,1,recovered_735
210,[C]O/[C]=[C]/[C]=[C]/[C]=C1/[C]=[C][C][C]=C1Cl,0.0,195.584,3,0,1,0.4925,7.2899,1,4,0,0,1,recovered_735
211,[C][C]/[C]=[C]/[C]=C1/[C][C][C]([C])[C]1,0.0,132.121,2,0,0,0.5248,7.6528,1,2,0,0,0,recovered_735
212,[C]/[C]=[C]/[C]=C=[C]C1=[C][C]=[C][C@@]2([C])[C]1[C][C][C@@]2(N)[C][C]/[C]=[C]/[C]=[C]/[C],0.0,292.276,6,1,1,0.5748,7.0498,2,5,0,0,1,recovered_735
213,[C][C][C]/[C]=[C]/C1=[C][C]=C(S)[C]C1([C])[C],0.0,189.218,3,1,1,0.639,7.5498,1,3,0,0,1,recovered_735
215,[C][C][C][C]c1[c][c]c([C])c([C]([C])[C][C][C]([C])[C])[c]1,0.0,216.198,7,0,0,0.6495,7.7558,1,0,0,0,0,recovered_735
216,[C]C(=O)N/[C]=[C]/[C]=[C]/[C]=[C]/[C]=[C],0.0,151.124,4,1,1,0.4374,6.7799,0,4,0,0,1,recovered_735
217,[C]1[C][C][C]([C][C][C]2[C]=[C][C]N2)[C]1,0.0,147.136,3,1,1,0.6089,7.819,2,1,0,0,0,recovered_735
218,[C][C]/[C]=[C]/[C]=[C]/[C][C]1[N][C][C]/C1=[C]/[C]=C(N)/[C]=[C]/[C]=N,0.0,249.232,7,2,2,0.4975,7.2452,1,3,0,0,1,recovered_735
219,[C][C]([C])[C][C]c1[c][c][nH]c1[C]([C])[C][C][C]1[C][C]2[C][C][C]([C])[C]1[C]2,0.0,279.257,7,1,0,0.783,7.1213,3,0,0,0,0,recovered_735
22,[C][C]([C])[C]C1=[C][C]=[C][N]1,0.0,110.095,2,0,0,0.4833,7.6777,1,2,0,0,0,recovered_735
220,[C][C][C][C][C][C][C]1[C][C][C]([C])C1=[C],0.0,156.143,5,0,0,0.5233,7.5703,1,1,0,0,1,recovered_735
221,[C][C]/[C]=[C]/[C]1[C][C]2[C]=[C][C]=C(O)[C]2[C]([C])[C]1[C],0.0,209.183,2,1,1,0.7281,7.3419,2,2,0,0,0,recovered_735
222,[C][C]/[C]=[C]/[C]=[C]/[C]=[C]/[C]=[C]/[C]C(=O)[C][C][C]1O[C][C][C]C1=[C],0.0,272.218,9,0,2,0.5879,7.4631,1,4,0,0,1,recovered_735
223,[C]C(=O)[C][C]/C([C])=[C]/[C]=[C]/[C]1[C]2[C][C][C]1[C]O[C]2,0.0,224.174,5,0,2,0.6454,7.9957,2,2,0,0,1,recovered_735
224,[C][C][C][C](Cl)/[C]=[C]/[C]=N/[C][C][N][C][C]Cl,0.0,231.041,9,0,1,0.4255,6.9815,0,1,0,0,1,recovered_735
225,[C]/[C]=[C]/C(=[C])/[C]=[C]/[C]=[C]/[C]1[C][C]/C(=[C]\O[C])[C]1C#CCl,0.0,267.65,5,0,1,0.421,7.2612,1,4,1,0,1,recovered_735
226,[C][C]/[C]=C(\[C])[C]N/[C]=[C]/[C]=[C]/[C][C]([C])[C],0.0,183.169,7,1,1,0.4526,7.4586,0,2,0,0,1,recovered_735
227,[C][C]/[C]=[C]/[C]=[C]/[C]1[C][C][C]2[C][C][C][C]2[C]1[C]([C])[C],0.0,216.198,4,0,0,0.6241,7.7438,2,2,0,0,1,recovered_735
228,[C][C]([C])/C([C])=[C]/[C]=[C]/Nc1[c][c]c([C]([C])[C]O)c(C#[C])[c]1,0.0,260.231,6,2,2,0.4619,7.5352,1,2,1,0,1,recovered_735
23,[C][C]([C])[C]S[C][C][C]Nc1[c][c][c]c([C])c1[C],0.0,227.247,7,1,2,0.5649,7.5807,1,0,0,0,1,recovered_735
230,[C][C]([C])S[C][C]/[C]=[C]/[C]c1[c][c][c][c]c1[C],0.0,212.232,6,0,1,0.6496,7.7025,1,1,0,0,1,recovered_735
231,[C]1[N][C]2[C][N@@]12.[C][C][C]/[C]=[C]/[C]=[C]/[C][C],0.0,172.146,4,0,1,0.4363,7.8659,2,2,0,0,1,recovered_735
232,[C][C][C]/C([C])=N/[C][C]N[C]1[C][N][C]([C]2[C]=[C][C]=[C]N2)[C]1[C],0.0,262.231,7,2,3,0.377,7.6095,2,2,0,0,1,recovered_735
233,[C]/[C]=[C]/[C]=[C]/[C][C][C]([C])c1[c][c]c2c([c]1)[C][C][C]=[C]2,0.0,228.209,5,0,0,0.6729,7.858,2,2,0,0,1,recovered_735
235,[C][C]([C])[C][C]([C])/[C]=[C]/[C]/[C]=[C]/[C]=C1/[C]=[C][C]=C([C])O1,0.0,232.197,6,0,1,0.6747,7.5696,1,4,0,0,0,recovered_735
236,[C][C]/[C]=C(\[C])[C]/C([C])=[C]/[C]=[C]/[C]=[C]/[C],0.0,168.154,5,0,0,0.5424,7.512,0,3,0,0,1,recovered_735
237,[C][C]/[C]=C([C])/[C]=[C]/[C]=C(\[C])[C]=[C],0.0,144.132,4,0,0,0.5186,7.5075,0,4,0,0,1,recovered_735
238,[C][C]([C]/[C]=[C]/C1=[C][C]=[C]O[C]1)[C]1[C][C][C]N1[C],0.0,210.171,4,0,2,0.6834,7.8759,2,3,0,0,0,recovered_735
239,[C][C][C]/C([C])=[C]/[C]([C][C][C]([C])[C][NH])[C]/[C]=N/C(N)=O,0.0,241.209,9,1,1,0.5819,6.8449,0,1,0,0,1,recovered_735
24,[C][C]([C])[C][C][C][C]([C])[C]=O,0.0,124.098,5,0,1,0.5132,7.0644,0,0,0,0,0,recovered_735
241,[C][C][C][C][C][C][C][C]C1=[C][C]n2[c][c][c]c21,0.0,194.172,7,0,0,0.5733,7.6935,2,1,0,0,1,recovered_735
242,[C]C(=[C])/[C]=[C]/[C]=[C]/[C]C1=[C]C(Cl)=[C][C]1/[C]=[C]/[C]=[C]/[C]Cl,0.0,287.104,7,0,0,0.6313,7.2417,1,3,0,0,1,recovered_735
243,[C][C]/[C]=[C]/[C]/[C]=[C]/[C]=[C]/[C]=[C]/[C]=[C]/c1[c][c][c][nH]1,0.0,219.202,7,1,0,0.6657,7.6065,1,4,0,0,1,recovered_735
244,[C]C(=[C])[C][C]1[C][C][C]([C]2[C][C][C][C@]23[C][C]=[C][C]3F)[C]1,0.0,235.196,3,0,0,0.7003,7.4718,3,1,0,0,0,recovered_735
245,[C]/[C]=C1\[N][C][N][C][C]1[C]/[C]=[C]/[C]=C=[C]/C([C])=[C]/[C]=[C]/[C],0.0,244.212,5,0,0,0.5035,7.5267,1,5,0,0,1,recovered_735
247,[C][C]([C][C]=O)c1[c][c]c([C])[c]c1[C],0.0,160.131,3,0,1,0.6344,7.3897,1,0,0,0,0,recovered_735
248,[C][C][C][C][C]N[C]([C])/[C]=[C]/C#C[C][C]([C])[C],0.0,195.18,7,1,1,0.3555,7.1928,0,1,1,0,1,recovered_735
249,[C][C][C]/[C]=[C]/[C]([C])[C]c1[c][c]n[c]c1-c1[c][c][c][c][c]1,0.0,242.216,6,0,1,0.7503,7.9007,2,1,0,0,0,recovered_735
25,[C][C]N[C]([C][C]1[C][C][C][C]1Cl)/[C]=[C]/C([C])=[C]/[C]=[C]/[C],0.0,254.655,7,1,1,0.5382,7.3427,1,3,0,0,1,recovered_735
250,[C][C]/[C]=[C]/[C][C]1[C@@]2([C])[N@@]3[C][C@@]132,0.0,134.117,3,0,1,0.4878,7.4334,3,1,0,0,1,recovered_735
251,[C][C]/[C]=[C]/[C]([C])/[C]=[C]/[C@]12[C][C@]13[C][C]32,0.0,156.143,4,0,0,0.5668,7.3526,3,1,0,0,0,recovered_735
253,[C][C][C][C]([C])[C]/[C]=[C]/[C]/[C]=C1\[C][C][C]2[C]([C][C][C])[C][C]=[C][C]21,0.0,264.242,8,0,0,0.6275,7.7854,2,1,0,0,0,recovered_735
254,[C]/[C]=[C]/[C]=[C]/[C]=[C]/[C][C]1Oc2[c][c][c][c]c2[C]N1C1=C(N[C])[C][C][C][C]1,0.0,321.274,6,1,3,0.7996,7.8958,3,3,0,0,1,recovered_735
255,[C]/[C]=[C]/[C]=[C]/Cl,0.0,95.508,1,0,0,0.428,6.8972,0,2,0,0,1,recovered_735
256,[C][C]/[C]=[C]/[C]=[C]/[C]/[C]=[C]/C([C][C][C]c1[c][c][c][c]n1)=[C]\[C]=[C],0.0,266.238,10,0,1,0.585,7.7529,1,3,0,0,1,recovered_735
258,[C][C]/[C]=[C]/[C]/[C]=N/[C]=[C]/C1=[C][C]=N[C]1[C][C]c1[c][c]nnc1[C],0.0,284.237,8,0,4,0.6607,7.5507,2,2,0,0,1,recovered_735
259,[C]=[C]/[C]=[C]/[C]=[C]/[C]=[C]/N/[C]=[C]/NC(=O)c1[c][c][c][c]c1[C][C]=O,0.0,290.237,9,2,3,0.4946,7.13,1,4,0,0,1,recovered_735
26,[C]N/[C]=N/[C]=[C]/NC([C])=O,0.0,132.102,3,2,2,0.288,6.5907,0,1,0,0,1,recovered_735
260,[C][C][C]1[C][C]2[C][C]3[C]N[C]1[C]3[C]2,0.0,147.136,1,1,1,0.5657,6.0949,3,0,0,0,0,recovered_735
261,[C][C]/[C]=C([C][C])\[C]=[C]\[C]=[C]\c1[c][c]c2[c][c][c][c]c2[c]1,0.0,240.22,5,0,0,0.7026,7.8831,2,3,0,0,1,recovered_735
262,[C][C][C]1[C][C][N][C]1[C][C][C]=N,0.0,137.121,4,1,1,0.537,7.2479,1,0,0,0,1,recovered_735
263,[C]N[C]([C]1[C][C][C][C][C]1[C][C][C]=[C])/C([C])=[C]/C1=[C][C]=[C][C][C]1,0.0,267.246,7,1,1,0.7342,4.4417,2,3,0,0,0,recovered_735
264,[C]C(=O)N[C]C1=[C]/C(=[C]/[N][C]/[C]=[C]/[C]=[C]/[C]=[C])N[C]=[C]1,0.0,252.212,7,2,2,0.3632,7.2888,1,3,0,0,1,recovered_735
265,[C][C]N1[C][C]=[C][C]=C1[C],0.0,110.095,1,0,1,0.4721,7.8839,1,2,0,0,0,recovered_735
266,[C]/C([C]/N=[C]/[C]=[C])=[C]\C([C])=[C]\[C]=[C]\[C]=[C]\[C]=[C]\c1[c][c][c][c]n1,0.0,280.245,8,0,2,0.5219,7.7992,1,5,0,0,1,recovered_735
267,[C][C][C][C][C][C][C][C]([C])[C][C]1[C]=[C][C]=C1Cl,0.0,215.618,8,0,0,0.5435,7.3165,1,2,0,0,1,recovered_735
269,[C][C]([C])N[C]c1[c][c]n[c]c1Cl,0.0,172.574,3,1,2,0.6833,7.0411,1,0,0,0,1,recovered_735
27,[C][C][C][C]([C])[C]1[C][C][C]=[C]C1=[C],0.0,144.132,3,0,0,0.555,7.7751,1,2,0,0,0,recovered_735
270,[C][C][C][C][C][C]1[C][C][C][C]C1=[C],0.0,144.132,4,0,0,0.5172,7.7485,1,1,0,0,1,recovered_735
271,[C]/[C]=[C]/[C]=[C]/[C]=[C]/[C]1[C][C][C]([C])[C]([C])[C]1[C],0.0,192.176,3,0,0,0.5911,7.6191,1,3,0,0,1,recovered_735
272,[C][C]([C])[C]/[C]=[C]/[C]=[C]/[C]=C(\[C])C(=[C])/[C]=[C]/[N]/[C]=[C]\[NH],0.0,233.209,8,0,0,0.5557,7.5309,0,5,0,0,1,recovered_735
273,[C][C][C](Cl)/[C]=[C]/[C]=C(/[C]Cl)S[C]1[C][C][C]N1,0.0,262.12,6,1,2,0.7382,7.0801,1,2,0,0,1,recovered_735
275,[C][C]/[C]=[C]/[C]=[C]/Br,0.0,151.97,2,0,0,0.5233,6.965,0,2,0,0,1,recovered_735
276,[C]/[C]=[C]/[C]=[C]/[C]S/[C]=[C]/[C]([C])C1=C(Cl)[C][C][C]1,0.0,247.685,6,0,1,0.5138,7.3389,1,2,0,0,1,recovered_735
277,N[C][C][C]/[C]=[C]/C1=[C][C]=[C][C][C]1,0.0,148.144,4,1,1,0.4523,7.5503,1,3,0,0,1,recovered_735
278,[C][C]/[C]=[C]/[C]/[C]=[C]/[C]=[C]/[C]=[C]/[C]=[C]/[C]=[C]/[C],0.0,192.176,7,0,0,0.5332,7.3617,0,5,0,0,1,recovered_735
279,[C][C][C]NC1=C([C])[C]C([C][C]PNC2=[C][C][C][C][C]2)=[C]1,0.0,266.199,8,2,2,0.3927,6.589,2,2,0,0,1,recovered_735
28,[C][C][C]1[C]=[C][C]=C1[C][C]/[C]=[C]/[C]C1=[C][C]=[C][C]1,0.0,204.187,6,0,0,0.6152,7.818,2,2,0,0,0,recovered_735
280,[C][C]/[C]=C([C][C][C][C][C]=[C])/[C]=C1\[C]2[C][C][N][C]1[C][C]2,0.0,230.205,7,0,0,0.5821,6.7088,2,2,0,0,1,recovered_735
281,[C][C][C][C]c1c([C])[c][c][c]c1NC(=O)/[C]=[C]/[C][C]1[C][C][C][C]1[C][C],0.0,295.256,8,1,1,0.7229,7.3772,2,1,0,0,1,recovered_735
282,[C][C][C][C][C][C][C]C1=[C][C]=C([C][C])[C][C]1,0.0,180.165,7,0,0,0.5189,7.7135,1,2,0,0,1,recovered_735
283,[C]C1([C])[C]=[C]c2c([C]3[C]=[C][C]=[C]3)[c][c][c]c21,0.0,192.176,1,0,0,0.6285,7.9052,3,2,0,0,0,recovered_735
284,[C][C][C]([C][C][C]([C])N)[C][C]1[C][C][C][C]2N[C][C][C]12,0.0,223.214,6,2,2,0.6755,7.4911,2,0,0,0,0,recovered_735
285,[C][C]([C])[C]/[C]=[C]/[C]C1=[C][C]2[C][C]=[C][C]([C]2)[C]1,0.0,192.176,4,0,0,0.6308,7.1881,2,1,0,0,0,recovered_735
286,[C][C][C]/[C]=[C]/[C]=[C]/[C]=[C]/[C]C#C/[C]=[C]/[C],0.0,180.165,5,0,0,0.4381,7.2241,0,3,1,0,1,recovered_735
287,[C][C]1[C]=[C]C(=O)C2=C([C])[C][C]=C12,0.0,148.12,0,0,1,0.4914,6.9712,2,2,0,0,0,recovered_735
288,[C][C][C][C][C]1[C][C]2[C][C]=[C][C]2/C1=[C]\[C]=[C]\[C],0.0,192.176,4,0,0,0.6308,7.5693,2,2,0,0,0,recovered_735
289,[C][C][C][C]c1[c][c][c][c]c1/C([C]/[C]=[C]/[C]=[C]/[C])=[C]\[C]([C])[C],0.0,252.231,8,0,0,0.6207,7.7885,1,2,0,0,1,recovered_735
29,[C]C1=[C][C](N2[C][C]=[C][C]=C2C2=[C][C]=[C][C]2C2=[C][C]ON=C2N[C]N)[C]=[C]1,0.0,327.282,4,2,5,0.7319,7.7228,4,4,0,0,1,recovered_735
290,[C][C]1[C][C][C](/[C]=[C]/[C]=[C]/C([C])([C])c2[c][c][c][c]c2[NH])[C]1,0.0,243.224,4,0,0,0.7162,7.8532,2,2,0,0,1,recovered_735
291,[C][C]N[C][C@]12[C]N[C][C]1[C]=[C]/C(=[C]/[C]=[C]/[C])[C]2[C]=C=[C][C]=[C],0.0,270.25,6,2,2,0.4217,5.3647,2,3,0,0,1,recovered_735
292,[C][C]/[C]=[C]/[C]=[C]/PN1[C][C]=[C][C]=C1[C],0.0,190.121,4,0,1,0.4771,6.4883,1,2,0,0,1,recovered_735
293,[C][C][C]/[C]=[C]/[C]=[C]/[C]=[C]/[C]=[C]/[C]([C])c1[c][c][c][c][c]1,0.0,228.209,7,0,0,0.6217,7.8023,1,4,0,0,1,recovered_735
294,[C][C][C][C][C]C(=[C])n1[c][c][c]c1[C],0.0,158.139,5,0,0,0.5606,7.6922,1,1,0,0,1,recovered_735
295,[C][C]1C([C])=[C][C]=C1/[C]=[C]/[C]/[C]=[C]/[C]=[C]/Cl,0.0,203.607,4,0,0,0.6133,7.3579,1,3,0,0,1,recovered_735
296,[C][C]/[C]=C([C])/[C]=[C]/[C][C]1[C][C][C]2[C]=[C]N[C]12,0.0,195.18,4,1,1,0.6541,7.6058,2,2,0,0,1,recovered_735
297,[C]O/[C]=C1\[C]=[C][C][C@]2([C])[C]=[C][C][C]12,0.0,160.131,1,0,1,0.5177,6.7192,2,2,0,0,1,recovered_735
298,[C]c1[c][c]c([C]N[C]=O)c(Cl)[c]1,0.0,174.566,3,1,1,0.6727,6.8033,1,0,0,0,1,recovered_735
299,[C][C][C][C][C]([C])[C]/[C]=[C]/[C]=[C]/[C]1[C]=[C][C]=[C]1,0.0,192.176,7,0,0,0.5332,7.6641,1,2,0,0,1,recovered_735
3,[C][C]/C([C]N([C])[C][C]=[C])=[C]\[C]=[C]\[C],0.0,158.139,6,0,1,0.4066,7.5332,0,2,0,0,1,recovered_735
30,[C]/[C]=[C]/[C]=[C]/[C]/[C]=[C]/[C]=C(\Br)[C]1O[C@@]12[C][C]2[C],0.0,276.068,5,0,1,0.5506,7.9141,2,2,0,0,1,recovered_735
300,[C]C(=[C])[C]C(=O)[C][C][C][C]N[C]/[C]=[C]/[C]c1[c][c][c][c][c]1,0.0,259.223,11,1,2,0.4672,7.5347,1,1,0,0,1,recovered_735
301,[C][C][C][C]N/[C]=C1/N[C]=[C][C]=C1/[C]=[C]/C([C])=[C]/[C]=[C]/[C]=[C]/[C]=[C],0.0,282.261,9,2,2,0.3735,7.7076,1,7,0,0,1,recovered_735
303,[C][C][C][C][C][C][C]C1=C(C(=O)N([C])[C][C][C])[C]2[C]N[C]1[C]2,0.0,261.219,9,1,2,0.4776,7.7172,2,1,0,0,1,recovered_735
304,[C][C][C][C][C][C]/[C]=[C]/[C][C]N[C][C]1[C][C][C][C]1,0.0,207.191,10,1,1,0.4126,7.6302,1,1,0,0,1,recovered_735
305,[C]c1[c][c]c(/[C]=[C]/c2[c][c][c]c([C]=O)c2[C])c([C])[c]1,0.0,232.197,3,0,1,0.7292,7.6473,2,1,0,0,1,recovered_735
306,[C][C]/[C]=[C]/[C]=[C]/[C]=C1\[C]([C])[C][C]C1=[C],0.0,168.154,3,0,0,0.5568,7.5181,1,4,0,0,1,recovered_735
307,[C][C]([C])[C][C]1[C][C][C]=[C]1,0.0,108.099,2,0,0,0.4889,7.8279,1,1,0,0,0,recovered_735
308,[C]P/C(Cl)=[C]\[C]([C])[C],0.0,139.501,2,0,0,0.5124,7.555,0,1,0,0,1,recovered_735
309,[C]/[C]=[C]/N=[C]/C([C]Cl)=[C]\[C]=[C]\[C]=[C]\[C]([C])O,0.0,222.61,6,1,2,0.5358,6.9955,0,3,0,0,1,recovered_735
31,[C][C][C][C](N)[C][C]/[C]=[C]/[C]=C1\[C][C][C][C]2O[C]3[C][C][C]=[C]C3=[C][C]21,0.0,296.264,6,1,2,0.8012,7.6099,3,2,0,0,0,recovered_735
310,[C][C][C]1[C][C][C][C]1[C]/[C]=[C]/[C]C(=O)[C][C][C][C](N)N1[C][C][C]N1,0.0,289.253,10,2,4,0.5759,7.4196,2,1,0,0,0,recovered_735
311,[C]=[C]/[C]=[C]/[C]=[C]/[C][C]/[C]=[C]/[C]=[C]/[C]=[C]/Cl,0.0,203.607,7,0,0,0.4375,7.2254,0,3,0,0,1,recovered_735
312,[C]N/[C]=[C]/[C]=C=[C][C][C]([C])/[C]=[C]/[C]=[C]/[C]1[C]=[C][C]=[C]N1,0.0,246.228,7,2,2,0.3892,7.6405,1,3,0,0,1,recovered_735
313,[C]=[C]/[C]=[C]/[C]=[C]/[C]=[C]/Nc1n[c][c]c2c1[C]1[C][C][C][C]2[C]1[C]=O,0.0,285.241,6,1,3,0.6263,7.8825,3,4,0,0,1,recovered_735
314,[C]/[C]=[C]/[C]=C1/[C]=[C][C][C]2[C][C][C][C@]21[C],0.0,168.154,1,0,0,0.5502,6.7519,2,3,0,0,0,recovered_735
315,[C][C][C]c1[c][c][c][nH]1,0.0,99.092,2,1,0,0.5558,7.6601,1,0,0,0,0,recovered_735
316,[C]C1=C(Cl)/C(=[C]\[C]=[C]\[C]=[C]\[C]=[C])[C]=[C]P1,0.0,223.578,3,0,0,0.5096,7.5892,1,5,0,0,1,recovered_735
317,[C]=[C]/[C]=[C]/[C]=[C]/[C]=[C]/N=[C]/N[C]1SC(Cl)=[C]N=C1c1[c][c][c][c][c]1,0.0,338.758,7,1,3,0.3579,7.3854,2,4,0,0,1,recovered_735
319,[C][C]([C]=[C])[C]1[C][C][C@@]2([C][C]c3[c][c][c][c][c]3)[C][C][C][C]12,0.0,240.22,5,0,0,0.733,7.2878,3,1,0,0,0,recovered_735
32,[C][C]/[C]=[C]/[C]=[C]/[C][C]/[C]=[C]/[C]=[C]/c1[c][c][c][c]c1NC([C])=O,0.0,271.234,8,1,1,0.5593,7.38,1,2,0,0,1,recovered_735
320,[C][C]/[C]=[C]/[C]=[C]/[C]=[C]/[C]=[C]/[C][C@]12[C][C@@]13[C][C]23,0.0,192.176,6,0,0,0.5534,7.3516,3,4,0,0,1,recovered_735
321,[C][C]/[C]=[C]/[C][C][C]c1[c][c][c][c]c1[C],0.0,168.154,5,0,0,0.5802,7.7191,1,1,0,0,1,recovered_735
322,[C][C]N([C])[C][C][C]/[C]=[C]/[C]=[C]/c1[c][c][c][nH]1,0.0,197.176,7,1,1,0.3883,7.6414,1,2,0,0,1,recovered_735
323,[C]C1=[C]/C(=[C]/[C]=[C])C(Cl)=[C][C]1,0.0,155.563,1,0,0,0.5411,7.2217,1,3,0,0,0,recovered_735
324,[C][C][C][C][C][C][C][C]/[C]=[C]/N1[C][C]N2[C]1O[C]([C])[C]1[C][C]=C([C])[C]=C12,0.0,308.255,8,0,3,0.6274,7.7135,3,2,0,0,1,recovered_735
325,[C][C]C1=C(/[C]=[C]/[C]=[C]/[C]=[C]/Cl)S[C][C]1,0.0,211.652,4,0,1,0.6442,7.2273,1,4,0,0,1,recovered_735
326,[C][C]/[C]=[C]/[C]([C][C]c1[c][c]n[c][c]1)/[C]=[C]/c1[c][c][c][nH]1,0.0,245.22,7,1,1,0.7782,7.8233,2,1,0,0,0,recovered_735
327,[C]/[C]=[C]/[C]=[C]/[C]/[C]=[C]/C(=[C]\N[C])c1[c][c]c([C])[c][c]1,0.0,231.213,6,1,1,0.5738,7.7101,1,2,0,0,1,recovered_735
329,[C][C][C][C]1[C][C][C]C1=[C],0.0,108.099,2,0,0,0.4906,7.7162,1,1,0,0,0,recovered_735
33,[C][C](/[C]=[C]/Cl)/[C]=[C]/C([C])=[C]/[C]=[C]/[C]=C([C])/[C]=[C]/[C]=[C],0.0,251.651,7,0,0,0.6094,7.4346,0,6,0,0,1,recovered_735
330,[C][C]/[C]=[C]/[C]=C1[C]2[C][C][C]([C][C]=[C])[C]1[C][C]2,0.0,192.176,4,0,0,0.6308,6.6381,2,2,0,0,0,recovered_735
331,[C][C]C1=C([C][C]([C])[C]2[C]=[C][C]C2=[C])[C][C][C]1[C]F,0.0,223.185,5,0,0,0.6686,7.5089,2,1,0,0,0,recovered_735
334,[C][C]([C])/[C]=[C]/[C]/C([C])=C(Cl)/C([C])=[C]/[C]=[C]/c1[c][c]nnn1,0.0,281.661,6,0,3,0.7396,7.1486,1,3,0,0,1,recovered_735
335,[C]/[C]=[C]/[C]=[C]/[C]=[C]/[C]=[C]/[C]c1[c]nc(C2=[C][C]=[C][C]2[C])[c]n1,0.0,268.234,6,0,2,0.7261,7.7202,2,4,0,0,1,recovered_735
336,[C][C]([C])/[C]=[C]/[C]=[C]/[C]=C([C]N)\[C]=[C]\[C]=[C]\[C]=[C],0.0,208.199,7,1,1,0.4854,7.3557,0,6,0,0,1,recovered_735
337,[C]C(/[C]=[C]/[C]=[C]/[C]S[C]1[C][C][C][C]1)=[C]\[C]=[C],0.0,212.232,6,0,1,0.6062,7.6244,1,4,0,0,1,recovered_735
338,[C][C][C]/[C]=[C]/c1[c][c][c][c]c1[C]([C])[C][C]/[C]=[C]/[C]([C])[O],0.0,244.208,8,0,0,0.6607,7.6377,1,1,0,0,0,recovered_735
339,[C][C][C][C]1[C][C][C][C][C]1[C][C]1[C]2[C][C][C]1N[C]2,0.0,207.191,4,1,1,0.7188,7.0857,3,0,0,0,0,recovered_735
34,[C][C][C]c1[c][c]c([C])c([C]/[C]=[C]/[C][C])[c]1,0.0,180.165,5,0,0,0.6418,7.6653,1,1,0,0,0,recovered_735
340,[C]/[C]=[C]/[C]=[C]/[C]=C([C])/[C]=[C]/[C]=[C]/[C]([C][C]1[C][C][C]C1=[C])/[C]=[C]/N1[C]=[C]Nc2[c][c][c][c]c21,0.0,389.352,9,1,2,0.6536,5.9635,3,5,0,0,1,recovered_735
341,[C][C]=C=[C]/[C]=[C]/[C]=[C]/[C]=[C]/NC(=O)[C][C]1[C]=[C][C]=[C]1,0.0,235.201,6,1,1,0.404,7.1619,1,5,0,0,1,recovered_735
342,[C][C][C][C][C]([C])[C][C]([C])[C][C]/[C]=[C]/[C]([C]O)[C][C][C],0.0,233.205,12,1,1,0.5382,7.4381,0,1,0,0,0,recovered_735
343,[C][C][C]N[C][C@@]1([C])[N][C]N([C][C][C]/[C]=[C]/[C]/[C]=C(\[C])[C][C][C])[C]1[C],0.0,295.26,12,1,2,0.4116,5.8707,1,1,0,0,1,recovered_735
344,[C][C][C]/C([C])=[C]/[C]=[C]/[C]=[C]/Cl,0.0,155.563,4,0,0,0.5411,7.1471,0,3,0,0,1,recovered_735
345,[C][C]([C]c1[c][c][c][c][c]1)C([C])=O,0.0,148.12,3,0,1,0.6073,7.4345,1,0,0,0,0,recovered_735
346,[C]N/[C]=[C]/[C]=C1\[C][C][C][C]1[C]/[C]=N/[C]=[C]/c1[c]c2[c][c][c][c]c2[c]n1,0.0,307.271,6,1,3,0.646,7.9342,3,2,0,0,1,recovered_735
347,[C][C][C][C][C][C]1[C][C]([C][C]/[C]=[C]/[C][C])C(=O)[C]1,0.0,208.175,8,0,1,0.5388,7.2636,1,1,0,0,1,recovered_735
348,[C][C]([C])/[C]=N/[C][C][C]n1[c][c][c]c1[C]Cl,0.0,207.599,6,0,1,0.4931,7.4654,1,0,0,0,1,recovered_735
349,[C][C][C]/[C]=[C]/[C]=C(/[C]N1[C][C]2[C][C]1[C][C][C]2Cl)c1[c][c][c][c][c]1,0.0,301.691,6,0,1,0.729,7.0673,3,2,0,0,1,recovered_735
35,[C][C][C][C][C][C]S/[C]=[C]/c1[c][c][c][c]c1/[C]=[C]/Cl,0.0,259.696,8,0,1,0.6472,7.5184,1,1,0,0,1,recovered_735
350,[C]/[C]=[C]/C1=C([C])[C]=[C][C]1,0.0,108.099,1,0,0,0.4674,7.6678,1,3,0,0,0,recovered_735
351,[C][C][C][C][C]([C][C]/[C]=[C]/[C]=C(/[C])Cl)/[C]=[C]/c1nc([C])[nH]c1[N]Cl,0.0,330.133,10,1,1,0.6583,6.9008,1,2,0,0,1,recovered_735
352,[C]C1([C])[C]=[C]C(=[C][C][C]/[C]=[C]/[C]=[C])[C]=[C]1,0.0,180.165,4,0,0,0.4504,7.7691,1,3,0,0,1,recovered_735
353,[C][C]1[C]=[C][C][C][C]1[C]C(=[C])[C][C]c1[c][c]c([C])[c]c1[C],0.0,240.22,5,0,0,0.7367,7.9262,2,1,0,0,0,recovered_735
354,[C]/[C]=[C]/[C]=[C]/Cl,0.0,95.508,1,0,0,0.428,6.8972,0,2,0,0,1,recovered_735
356,[C]/[C]=[C]/[C]=[C]/[C]=C1/[C][C]/C(=[C]\[C]=[C])[C]1[C]Cl,0.0,215.618,4,0,0,0.6301,7.353,1,3,0,0,1,recovered_735
357,[C][C][C]1[C][C]S[C]=C1[C]=O,0.0,144.154,2,0,2,0.5723,7.2288,1,1,0,0,0,recovered_735
358,[C]c1[c][c][c][c]c1[C]=O,0.0,112.087,1,0,1,0.5097,7.3881,1,0,0,0,0,recovered_735
359,[C][C]C1=C2O[C]([C])[C]([C]3[C]4[C][C]=[C][C]3[C]3[C][C][C]4[C]3)C2=[C][C]1,0.0,268.23,2,0,1,0.7425,7.2736,5,2,0,0,0,recovered_735
36,[C][C]/[C]=[C]/[C]=[C]/[C]=[C]/[C]=[C]/[C]=[C]/[C]c1sn[c]c1[C],0.0,250.261,7,0,2,0.6723,7.312,1,5,0,0,1,recovered_735
360,[C][C][C](/[C]=[C]/[C]=[C])C(=[C])/[C]=[C]/C([C])=[C]/[C]([C])[C],0.0,204.187,7,0,0,0.5516,7.6221,0,3,0,0,1,recovered_735
361,[C][C][C][C]C1=[C]/C(=[C]/C([C])=O)[C]2C(=[C][C]=C2[N][C]=[C])[C]1,0.0,246.204,6,0,1,0.6367,7.4101,2,2,0,0,1,recovered_735
362,[C]/[C]=[C]/[C]=[C]/Cl,0.0,95.508,1,0,0,0.428,6.8972,0,2,0,0,1,recovered_735
363,[C][C]/[C]=[C]/C#C[C][C]/C([C])=[C]/[C]=[C]/[C],0.0,168.154,4,0,0,0.4345,7.231,0,2,1,0,1,recovered_735
364,[C][C][C][C]/C([C])=[C]/C1=[C]C([C])([C])[C][C]=[C]1,0.0,180.165,4,0,0,0.6111,7.8482,1,3,0,0,0,recovered_735
365,[C]C(=[C])[C]/[C]=[C]/[C][C][C@]([C])(C#[C])Nc1[c][c][c][c][c]1,0.0,231.213,7,1,1,0.6963,6.2565,1,1,1,0,1,recovered_735
367,[C]c1[c][c][c][c]c1[C]/[C]=[C]/[C]=N/[C]=[C],0.0,170.15,4,0,1,0.5974,7.7223,1,1,0,0,1,recovered_735
368,[C][C]Nc1[c][c][c][c]c1[C]Cl,0.0,158.567,3,1,1,0.6586,7.329,1,0,0,0,1,recovered_735
369,[C][C]c1[c][c][c]c2c1[C][C][C@]1([C])N[C][C][C]21,0.0,195.18,1,1,1,0.6916,6.5011,3,0,0,0,0,recovered_735
37,[C][C]/[C]=C1/[C]=C([C])[C][C]=C1/[C]=[C]/[C][C]O,0.0,185.161,4,1,1,0.6969,7.4528,1,4,0,0,0,recovered_735
371,[C]/[C]=[C]/[C]=[C]/Cl,0.0,95.508,1,0,0,0.428,6.8972,0,2,0,0,1,recovered_735
372,[C][C]([C])/[C]=[C]/[C][C]C1=[C][C]=[C][C][C]1,0.0,156.143,4,0,0,0.572,7.8385,1,2,0,0,0,recovered_735
373,[C][C]([C])c1[c][c][c][c]c1C(=O)N([C])[C][C]1[C][C][C][C]1[C][C]=N,0.0,273.23,6,1,2,0.6103,7.4931,2,0,0,0,1,recovered_735
374,[C]/[C]=[C]/[C]=C(\[C])[C][C][C]N[C]([C])[C][C]C(=O)[C]/[C]=[C]/c1[c][c][c]nn1,0.0,311.259,12,1,4,0.3399,7.3666,1,2,0,0,1,recovered_735
375,[C][C][C]/[C]=[C]/[C]=[C]/[C](N)C#CCl,0.0,171.586,4,1,1,0.4905,6.4875,0,2,1,0,1,recovered_735
376,[C][C]([C])[C][C][C][C]1[C][C][C]2[C][C]([C])[C]=[C][C]12,0.0,192.176,4,0,0,0.6295,7.7124,2,1,0,0,0,recovered_735
377,[C][C][C][C][C][C][C]C(=[C])/[C]=[C]/[C]1[C][C][C][C][C]1,0.0,204.187,8,0,0,0.4145,7.7968,1,2,0,0,1,recovered_735
378,[C][C]/[C]=[C]/c1[c][c]c([C])[c]c1[C],0.0,144.132,2,0,0,0.5835,7.6905,1,1,0,0,0,recovered_735
379,[C]/[C]=[C]/[C]=[C]/[C]=C(\[C])[C][C]C#[C],0.0,144.132,4,0,0,0.4071,7.349,0,3,1,0,1,recovered_735
38,[C]/C([C][C@]12[C][C][C][C]1[C][C]c1[c][c][c][c]c12)=[C]\[C]=[C],0.0,228.209,3,0,0,0.6885,7.153,3,2,0,0,1,recovered_735
380,[C]C(=[C])/[C]=[C]/[C]=[C]/[C][C]c1[c][c][c][c]c1[C],0.0,192.176,5,0,0,0.6198,7.7557,1,3,0,0,1,recovered_735
382,[C][C][C][C][C]O[C]=O,0.0,104.064,5,0,2,0.4566,6.7484,0,0,0,0,1,recovered_735
383,[C]/[C]=[C]/[C]=[C]/Cl,0.0,95.508,1,0,0,0.428,6.8972,0,2,0,0,1,recovered_735
384,[C][C][C]C1=C([C]N([C]c2[c][c][c][c][c]2)[C]([C])[C])[C]=[C][C]1,0.0,242.216,7,0,1,0.6537,7.9584,2,2,0,0,1,recovered_735
385,[C][C][C][C][C]S[C][C][C][C][C][C][C]1[C][C][C@]([C])([O])[C]1F,0.0,271.251,11,0,1,0.5265,7.7198,1,0,0,0,1,recovered_735
386,[C][C]([C])[C][C]/[C]=C(\[C]=[C]\[C]=[C]\[C]=[C])C1=[C][C][C][C][C]1[C][C][O],0.0,268.23,9,0,0,0.5676,7.6849,1,5,0,0,1,recovered_735
387,[C][C]/[C]=[C]/[C]=[C]/[C]=[C]/[C]=[C]/[C]1[C][C][C]2[C]([C][C][O])[C][C][C@]2([C][C])[C]1,0.0,292.252,8,0,0,0.6066,6.3267,2,4,0,0,1,recovered_735
388,[C][C][C][C]1[C][C][C][C]=C1[C]([C])c1[c][c][c][c][c]1,0.0,204.187,4,0,0,0.697,4.7635,2,1,0,0,0,recovered_735
389,[C][C][C][C][C][C][C]/[C]=[C]/[C]/C([C])=[C]/C1=N[C]2C([C])=[C][C]=[C]C2=[C]1,0.0,278.249,9,0,1,0.5706,7.6212,2,3,0,0,1,recovered_735
39,[C][C]OC(=O)N/[C]=[C]/[C]/[C]=C1\[N][C]2[C][C]([C][C]=[C])[C]1[C]2,0.0,253.196,6,1,2,0.6988,7.6109,2,1,0,0,1,recovered_735
390,[C]/[C]=[C]/[C]=[C]/N/[C]=[C]/[C]c1[c][c][c][c]c1[C][C]=C=[C][C]([C])[C]1[C][C]1,0.0,291.268,9,1,1,0.4135,7.7538,2,2,0,0,1,recovered_735
391,[C]/[C]=[C]/[C]=[C]/c1[c][c]c([C])[c]c1[C]Cl,0.0,191.596,3,0,0,0.6407,7.4345,1,2,0,0,1,recovered_735
392,[C]/[C]=[C]/[C]=[C]/[C]1[C][C]1[C]1[C][C]1,0.0,132.121,3,0,0,0.5002,7.4175,2,2,0,0,1,recovered_735
393,[C]/[C]=[C]/C1=C([C])C([C])=C([C])S[C]1,0.0,164.188,1,0,1,0.5695,7.4918,1,3,0,0,0,recovered_735
394,[C][C][C]P[C]N[C][C]1[C]c2[c][c][c][c]c2[C]1[C][C]1[C][C]c2[c][c][c][c]c2[N]1,0.0,349.268,8,1,1,0.441,7.0886,4,0,0,0,1,recovered_735
395,N[C][C]1[C]2[C][C][C]1[C]=[C][C]2,0.0,124.122,1,1,1,0.4943,4.5971,2,1,0,0,1,recovered_735
396,[C]/[C]=[C]/[C]=[C]/[C]=C(\[C])C1=[C][C]=[C][C@]([C])(N)[C]1/[C]=[C]/[C]=[C]/[C],0.0,256.243,5,1,1,0.7266,4.7752,1,5,0,0,1,recovered_735
397,[C]/[C]=C1\[C][C]2[C][C]1[C][C]([C])[C]2[C][C]c1[c][c][c][c]c1[C]=O,0.0,256.219,4,0,1,0.794,6.7971,3,1,0,0,0,recovered_735
398,[C][C][C]1[C][C]/C(=[C]/[C]=C2\[C]=[C][C]=C2[C][C])[C]1c1[c][c][c][c][c]1,0.0,264.242,4,0,0,0.7807,7.9643,3,4,0,0,0,recovered_735
399,[C]/[C]=[C]/[C]=[C]/N/[C]=C([C][C]1[C][C]=[C]N[C]1)\[C]=[C]\[C]=[C]\[C],0.0,246.228,7,2,2,0.5061,7.6908,1,3,0,0,1,recovered_735
4,[C]/[C]=[C]/[C]=[C]/[C]/[C]=[C]/[C]1[C][C][C]2[C][C]1[C][C]2O[C],0.0,220.186,5,0,1,0.6347,6.7766,2,2,0,0,1,recovered_735
40,[C][C]/[C]=[C]/[C]=C(\[C])[C][C][C@]12[C]=[C][C]=C1[C][C][C]2[C]O,0.0,233.205,6,1,1,0.6866,5.473,2,2,0,0,1,recovered_735
400,[C][C][C][C]/[C]=C1\[C][C][C](/[C]=[C]/C([C])=[C]/[C])[C]1,0.0,192.176,5,0,0,0.4566,7.6712,1,2,0,0,1,recovered_735
401,[C][C][C][C]([C])/[C]=[C]/[C]=[C]/[C]=[C]/C#C[C]/[C]=[C]/[C]=[C]/[C],0.0,228.209,7,0,0,0.456,7.3747,0,3,1,0,1,recovered_735
402,[C]O/[C]=[C]/[C]=[C]/[C]=[C]/N=C1\[C][C]2[C][C]S[C]1[C]2,0.0,230.227,4,0,3,0.5395,6.298,2,3,0,0,1,recovered_735
403,[C]/[C]=[C]/[C]=[C]/[C][C]1[C][C]c2n[c][c]nc2C1=[C],0.0,208.179,3,0,2,0.6885,7.4312,2,2,0,0,1,recovered_735
404,[C][C][C][C][C@@]1([C])[C]=[C][C]=C(Br)[C]1[C][C],0.0,236.047,4,0,0,0.6988,7.855,1,2,0,0,0,recovered_735
405,[C]/[C]=[C]/[C]=C(\[C][C][C]1[C][C][C][C]1)[C]c1[c][c][c][c][c]1,0.0,228.209,6,0,0,0.6497,7.9831,2,2,0,0,1,recovered_735
406,[C][C]/[C]=[C]/[C]=[C]/[C]=[C]/c1c([C])[c][c][c]c1[C],0.0,192.176,4,0,0,0.6335,7.5251,1,3,0,0,1,recovered_735
407,[C][C][C][C][C]1[N][C]([C]/[C]=[C]/O)[C]2[C]([C])[C][C][C]12,0.0,211.179,5,1,1,0.6688,7.2636,2,1,0,0,1,recovered_735
408,[C][C][C][C]1[C]([C])[C]2[C]N[C]1c1[c][c][c][c]c12,0.0,195.18,2,1,1,0.7368,6.399,4,0,0,0,0,recovered_735
409,[C]/[C]=[C]/[C][C]N[C][C][C][C][C]1[C][C][C][C]1,0.0,183.169,8,1,1,0.4299,7.6159,1,1,0,0,1,recovered_735
41,[C]C1=[C]C(=[C])NC(/[C]=[C]/[C]=[C]/[C]=[C]/[C][C]2[C][C]3[C][C][C]2[C][N]3)=[C]1,0.0,281.253,5,1,1,0.7462,6.8789,4,6,0,0,1,recovered_735
410,[C][C@@]1(N[C]/C(Cl)=[C]/[C]=[C]/C2=[C][C][C][C][C]2)[C][C][C]O[C]1C#[C],0.0,294.676,5,1,2,0.4708,6.2432,2,3,1,0,1,recovered_735
411,[C][C]([C])/[C]=[C]/[C]=[C]/[C]=N/[C]=C(/[C]=[C])[C]1[C]2[C][C][C]3[C]2[C][C][C]31,0.0,266.238,6,0,1,0.5114,7.5207,3,2,0,0,1,recovered_735
412,[C][C]/[C]=[C]/[C]=[C]/[C]=[C]/[C]C1=[C][C]=[C][N]1,0.0,170.15,5,0,0,0.5377,7.554,1,3,0,0,1,recovered_735
413,[C]N[C][C]([C])/[C]=[C]/[C]=[C]/C([C]/[C]=[C]/[C]=[C]/[C]=[C])=[C]\[C]C([C])([C])[C],0.0,279.257,11,1,1,0.4437,7.7299,0,3,0,0,1,recovered_735
414,[C][C]([C])[C]/[C]=[C]/[C]1[C]2[C]=[C][C][C][C]2[C]c2[c][c][c][c]c21,0.0,240.22,3,0,0,0.7545,7.8871,3,1,0,0,0,recovered_735
415,[C][C]([C])/[C]=[C]/[C]=[C]/[C]=[C]/[C]=[C]/[C]([C])NC1=C([C])[C]=[C][C]1,0.0,243.224,7,1,1,0.6624,7.542,1,4,0,0,1,recovered_735
416,[C][C][C]1[C]=[C][C]=C1[C]1[C][C]=[C][C]=C1/[C]=[C]/[C]C(=[C])[C]1[C][C]N[C]1,0.0,279.257,6,1,1,0.777,1.7284,3,3,0,0,0,recovered_735
417,[C][C][C][C]([C])[C]C1=C2[C]=N[C]=C2[C]=[C]1,0.0,170.15,4,0,1,0.5988,7.5513,2,3,0,0,0,recovered_735
418,[C][C][C][C][C]([C])[C][C]N[C]([C])[C][C]C#[C],0.0,183.169,9,1,1,0.4067,7.298,0,0,1,0,1,recovered_735
42,[C]/[C]=[C]/[C]=[C]/[C]/[C]=[C]/[C]=[C]/[C@]1([C])[C][C](/[C]=N/[C]([C])[C]F)[C]N1[C],0.0,287.232,8,0,2,0.4847,4.6132,1,2,0,0,1,recovered_735
420,[C]/C(=[C]\[C]=[C]\[C]=[C])[C]1[C][C][C]2[C]1[C]Nc1[c][c]c(N)[c]c12,0.0,259.247,3,2,2,0.6379,7.533,3,3,0,0,1,recovered_735
421,[C][C][C][C][C]/[C]=[C]/c1[c][c][c][c]c1-c1[c][c][c][c][c]1,0.0,228.209,6,0,0,0.6631,7.9505,2,1,0,0,1,recovered_735
422,O=[C][C][C]C1=C([C]Cl)[C]=[C][C]1,0.0,159.551,4,0,1,0.6003,6.9327,1,2,0,0,0,recovered_735
423,[C][C]/[C]=C1/[C][C][C]=C2[C]3[C][C]=C([C])[C][C]3[C]=C21,0.0,204.187,1,0,0,0.6092,7.812,3,3,0,0,0,recovered_735
424,[C]/N=[C]/[C]=[C]/[C]=[C]\[C]/C(N)=[C]\c1[c][c][c][c][c]1,0.0,210.195,5,1,2,0.56,7.519,1,2,0,0,1,recovered_735
425,[C][C]N/[C]=[C]/C1=C([C]N([C][C]/[C]=[C]/[C])[C]2[C][C][C][C]2[C])[C][C][C]1,0.0,281.253,9,1,2,0.6354,7.8237,2,2,0,0,1,recovered_735
426,[C][C]c1[c][c][c]n1[C][C][C]/[C]=[C]/O[C],0.0,174.138,6,0,1,0.4556,7.6035,1,1,0,0,1,recovered_735
427,[C][C][C][C]/C([C][C])=C([C]Cl)/[C]=[C]/[C]N,0.0,195.608,7,1,1,0.4799,6.8347,0,2,0,0,1,recovered_735
428,[C]/[C]=[C]/[C]=[C]/Cl,0.0,95.508,1,0,0,0.428,6.8972,0,2,0,0,1,recovered_735
429,[C]=C1[C][C]2[C][C]3[C][C]4[C]2[C][C]=[C][C]4[C]31,0.0,168.154,0,0,0,0.5097,6.9861,4,1,0,0,0,recovered_735
43,[C][C]/C([C])=[C]/[C]=[C]/[C]=[C]/[C]C(=O)[C][C]/[C]=[C]/[C]=[C]/[NH],0.0,235.201,9,0,1,0.5416,7.1863,0,3,0,0,1,recovered_735
430,[C]/[C]=[C]/c1[c][c][c][c]c1[C]/[C]=[C]/[C]=[C],0.0,168.154,4,0,0,0.5933,7.7191,1,2,0,0,1,recovered_735
431,[C]O[C][C][C]([C])/C([C])=[C]/N[C]Cl,0.0,174.566,6,1,2,0.478,7.1064,0,1,0,0,1,recovered_735
432,[C][C]c1[c][c][c]n1[C][C][C]/[C]=[C]/C#C[C]C#C[C]C1=C(/[C]=[C]/N[C])N[C]O[C]1,0.0,348.3,8,2,3,0.4071,7.6034,2,2,1,0,1,recovered_735
433,[C]S[C]1[C][C][C][C]1[C][C@@]12[C][C][C][C]1S[C][C]2,0.0,232.288,3,0,2,0.7323,6.8616,3,0,0,0,0,recovered_735
434,[C][C]/[C]=[C]/[C]=[C]/[C]C1=[C][C]=[C][C]1[C]Cl,0.0,191.596,5,0,0,0.5819,7.3661,1,2,0,0,1,recovered_735
435,[C][C][C][C][C][C]1[C]2[C][C][C]1[C]=[C][C]2,0.0,156.143,4,0,0,0.5337,6.7661,2,1,0,0,1,recovered_735
436,[C]=[C]/N=[C]/[C][C][C]1[C]=[C][C]=[C]1,0.0,134.117,4,0,1,0.5001,7.6433,1,2,0,0,1,recovered_735
437,NC(=O)S[C][C][C]C1=[C][C]=[C]NN1,0.0,190.207,4,3,4,0.5421,6.4738,1,2,0,0,1,recovered_735
438,[C][C][C]/[C]=[C]/C1=[C][C]=[C][C]1[C][C][C][C]1[C][C]([C])[C][N]1,0.0,230.205,7,0,0,0.6206,7.695,2,3,0,0,0,recovered_735
439,[C]/[C]=[C]/[C]=[C]/[C]=[C]/[C]([C])[C]C#C[C][C]1[C][C]([C])[C][C][C]1[C],0.0,252.231,5,0,0,0.5142,7.593,1,3,1,0,1,recovered_735
44,[C][C]/[C]=[C]/[C]=[C]/[C]=[C]/N([C])[C][C]1[C]([C])[C][C][C@]12[C][C][C]N2,0.0,257.231,6,1,2,0.5486,7.6157,2,3,0,0,1,recovered_735
440,[C][C]([C]1[C][C]N[C]=[C]1)C1([C])[C][C][C][C]1,0.0,171.158,2,1,1,0.6368,5.0324,2,1,0,0,0,recovered_735
441,[C]/[C]=[C]/[C]1[C][C][C][C]C1=[C],0.0,120.11,1,0,0,0.4817,7.8142,1,1,0,0,0,recovered_735
442,[C][C]([C])/[C]=[C]/C1=C(/[C]=[C]/[C]=[C]/[C]=C2/[C]=[C][C]N=C2N=[C])[C]=[C][C]1[C],0.0,292.256,5,0,2,0.5437,7.6913,2,6,0,0,1,recovered_735
443,[C][C]([C])[C][C]/[C]=[C]/c1[c][c][c][c]c1/[C]=N/[C@]1([C][C]=[C])[C][C]O[C]1,0.0,282.237,8,0,2,0.6584,6.9213,2,1,0,0,1,recovered_735
444,[C][C][C][C]/C([C])=[C]/[C]([C][C]1[C][C][C][C]1)[C][C]([C])/[C]=[C]/[C],0.0,240.22,9,0,0,0.5752,7.8106,1,1,0,0,0,recovered_735
445,[C][C]([C])[C]N[C]([C])[C]C#[C],0.0,123.114,4,1,1,0.4144,7.1761,0,0,1,0,1,recovered_735
446,[C]/[C]=[C]/[C]=[C]/[C]=[C]/[C]=[C]/[C]/[C]=[C]/[C][C]1[C][C]=[C][C]=[C]1,0.0,228.209,7,0,0,0.5798,7.7458,1,4,0,0,1,recovered_735
447,[C][C][C]/[C]=[C]/[C]=[C]/[C]=[C]/[C]NC(=O)[C][C]1c2[c][c][c][c]c2[C]N1[C]/[C]=[C]/O,0.0,338.281,10,2,3,0.3744,7.4257,2,3,0,0,1,recovered_735
448,[C][C][C]1[C]=[C][C]=C1[C]N[C][C]=C([C])[C],0.0,171.158,5,1,1,0.4742,7.5775,1,2,0,0,1,recovered_735
449,[C][C]/[C]=[C]/c1[c][c][c]c([C])c1[C],0.0,144.132,2,0,0,0.5835,7.6905,1,1,0,0,0,recovered_735
45,[C][C]([C][C][C]/C([C])=[C]/[C]=[C]/[C]=[C]/[C]=[C]/N)/[C]=[C]/C([C])([C])[C],0.0,256.243,9,1,1,0.4837,7.5416,0,4,0,0,1,recovered_735
450,[C][C][C]1[C][C]=[C][C]=C1/[C]=N/[C]=[C]/[C]([C])O[C]1[C]C1=C1[C][C]1,0.0,258.215,6,0,2,0.6619,7.6646,3,2,0,0,1,recovered_735
451,[C][C][C]/[C]=[C]/[C]=[C]/[C]/[C]=[C]/[C]=C=[C][C],0.0,168.154,6,0,0,0.4128,7.3492,0,3,0,0,1,recovered_735
452,[C][C]1[C][C](O[C]/[C]=[C]/[C]=C([C])[C])[C][C]2[C][C][C][C][C]12,0.0,232.197,4,0,1,0.6668,7.7548,2,2,0,0,1,recovered_735
453,[C][C]/[C]=[C]/[C]=[C]/[C]/[C]=[C]/[C](N)[C]([C])[C][C]1[C]=[C][C]=C1[C],0.0,244.232,8,1,1,0.634,7.4722,1,2,0,0,1,recovered_735
454,[C][C][C]=[C],0.0,48.044,1,0,0,0.4001,7.4353,0,1,0,0,0,recovered_735
455,[C][C]/[C]=[C]/[C]=C1\[N][C][C][C]1[C]C([C])([C])[C],0.0,182.161,4,0,0,0.6058,7.6268,1,2,0,0,0,recovered_735
456,[C][C]1[C][C][C]C2=[C][C]=C([C])[C]12,0.0,132.121,0,0,0,0.4617,7.714,2,2,0,0,0,recovered_735
457,[C][C][C]/[C]=[C]/[C]=[C]/[C]=[C]/[C]=[C]/[C]=[C]/[C]=[C]/[C]([C][N])[C][C]=O,0.0,258.215,11,0,1,0.4998,7.2944,0,6,0,0,1,recovered_735
458,[C][C]1[C][C]([C]C2=C([C]([C])[C])[C][C][C]2)N[C@@]([C])(N)[C]1,0.0,223.214,3,2,2,0.7106,7.9284,2,1,0,0,0,recovered_735
459,[C][C][C][C][C]([C])[C]c1[c][c][c][c]c1[C],0.0,168.154,5,0,0,0.6203,7.7706,1,0,0,0,0,recovered_735
46,[C][C]/C(=[C]/[C]=[C]/[C][C]=O)[C]([C])[C],0.0,148.12,5,0,1,0.5184,7.0815,0,2,0,0,1,recovered_735
460,[C][C][C][C][C][C]1[C]2[C][C][C][C][C]2[C][C]2[C][C]=[C][C]=C21,0.0,228.209,4,0,0,0.6413,7.8984,3,2,0,0,1,recovered_735
461,[C]/C([C]NC(=O)Cl)=[C]\[C]=[C]\[C]=[C],0.0,174.566,4,1,1,0.2944,6.3636,0,3,0,0,1,recovered_735
462,[C][C][C][C][C][C]N[C][C]1[C][C]=[C][C]=C1[C]=O,0.0,199.168,8,1,2,0.4478,7.3967,1,2,0,0,1,recovered_735
463,[C]C([C])=C1[C]=C(/[C]=[C]/[C][C][N][C][C][C]/[C]=[C]/C#CCl)[C]=[C]N1,0.0,292.684,8,1,1,0.5299,7.4298,1,3,1,0,1,recovered_735
464,[C][C][C][C][C][S@@H]1[C]N[C][C]=C1[C]Cl,0.0,203.653,5,2,1,0.5095,7.9952,1,1,0,0,1,recovered_735
465,[C][C][C][C][C]/[C]=[C]/N[C]1[C](/[C]=[C]/C#[C])[C]=[C][C]=C1[C]=[C],0.0,243.224,8,1,1,0.3815,7.5392,1,3,1,0,1,recovered_735
466,[C][C][C]/C([C])=[C]/[C]=[C]/[C]=[C]/[C]=[C]/[C]c1[c][c]nc2c1[C][C][C]2,0.0,266.238,7,0,1,0.6834,7.7225,2,4,0,0,1,recovered_735
467,[C][C][C][C][C]([C]/[C]=[C]/[C@@]1([C])[C][C][C][C]2N[C]=C3[C][C]N[C]C3=C21)C#N,0.0,308.279,6,2,3,0.7655,3.7962,3,2,1,0,0,recovered_735
468,[C]/[C]=C(Cl)/[C]=[C]/[C]=[C]/[C]=[C]/[C]=[C]/[C][C][C]1[C]=[C]C(=O)[C]N1[C]/[C]=[C]/[C]=[C]/Cl,0.0,377.165,10,0,2,0.5457,7.3505,1,5,0,0,1,recovered_735
469,[C]/[C]=[C]/c1[c][c]n[c]c1/[C]=C(\[C])[C]([C])/[C]=[C]/[C]=[C]/[C]=[C]/N1[C]=[C]NN1O[C],0.0,337.277,8,1,5,0.6977,7.886,2,3,0,0,1,recovered_735
47,[C]/[C]=[C]/[C]=[C]/[C]c1[c][c][c][c]c1/[C]=N/Nc1[c][c][c]c([C])c1O[C],0.0,297.252,7,1,3,0.4803,7.6946,2,2,0,0,1,recovered_735
470,[C]C([C])([C])[C]/[C]=[C]/c1[c][c][c][c]c1C(=[C])/[C]=[C]/[C]/C(Cl)=[C]/N,0.0,291.696,7,1,1,0.6035,7.5844,1,2,0,0,1,recovered_735
471,[C][C]1[C][C]2[C][C][C]=[C][C]2[C]1[C]N[C]c1[c][c][c][c]c1[C],0.0,243.224,4,1,1,0.7824,7.8683,3,1,0,0,1,recovered_735
472,[C]=[C][C][C]1[C][C][C][C][C]1/[C]=[C]/[C]1[C]=[C][C]=[C]1,0.0,192.176,4,0,0,0.6295,7.8766,2,2,0,0,0,recovered_735
473,[C]=[C]/[C]=[C]/[C]=[C]/NC1=[C][C]=[C][C][C]1N[C]=O,0.0,202.172,6,2,2,0.4568,7.2455,1,3,0,0,1,recovered_735
474,[C]/[C]=[C]/[C]=[C]/[C]=[C]/[C][C]([C])C(=N)c1[c][c][c][c]c1[C]=N,0.0,246.228,7,2,2,0.5402,7.438,1,3,0,0,1,recovered_735
475,[C]/[C]=[C]/[C]=[C]/Cl,0.0,95.508,1,0,0,0.428,6.8972,0,2,0,0,1,recovered_735
476,[C][C][C]([C])[C][C]1[C][C]=C(N)C([C])([C])[C]1,0.0,172.166,3,1,1,0.6571,7.4752,1,1,0,0,0,recovered_735
477,[C][C]/[C]=[C]/[C]=[C]/[C][C][C]1[C][N]C2=C1[C][C][C]2,0.0,194.172,5,0,0,0.5769,7.5796,2,2,0,0,1,recovered_735
478,[C][C][C][C][C][C][C][C]1[C]([C])NN/C1=[C]\[C]=[C]\[C],0.0,210.195,7,2,2,0.5906,7.1587,1,2,0,0,1,recovered_735
479,[C][C][C][C][C][C][C]1[C][C][C][C]1[C][C][C][C],0.0,180.165,8,0,0,0.4925,7.625,1,0,0,0,1,recovered_735
48,[C]C(=O)[C][C][C][C]1[C][C]=[C][C]=[C]1,0.0,148.12,4,0,1,0.563,7.3469,1,2,0,0,0,recovered_735
480,[C]=[C]/[C]=[C]/[C]=[C]/C1=[C]c2[c][c][c][c]c2[C]O1,0.0,196.164,3,0,1,0.6626,7.7493,2,4,0,0,1,recovered_735
481,[C][C][C][C][C]1[C][C]=[C]C1=N,0.0,123.114,3,1,1,0.57,7.2827,1,1,0,0,1,recovered_735
482,[C]/[C]=[C]/[C]=C1/[C][C][C][C]([C])[C]1,0.0,132.121,1,0,0,0.4983,7.7756,1,2,0,0,0,recovered_735
483,[C][C]/[C]=[C]/[C][C][C]([C])/[C]=[C]/[C]1c2[c][c][c][c]c2C(=[C])[C@@]12[C][C]=[C]N=[C]2,0.0,302.271,6,0,1,0.7619,7.7491,3,1,0,0,0,recovered_735
484,[C]/[C]=[C]/[C]=[C]/Cl,0.0,95.508,1,0,0,0.428,6.8972,0,2,0,0,1,recovered_735
485,[C]/[C]=[C]/[C]c1[c][c]c([C]C#[C])c([C])[c]1,0.0,168.154,3,0,0,0.5952,7.5811,1,1,1,0,1,recovered_735
486,[C]/[C]=[C]/[C]=[C]/[C]=[C]/N/[C]=[C]/[C]=[C]/[C]=N/[C]=[C]/Nc1[c][c][c][c]c1[C],0.0,296.268,9,2,3,0.4076,7.6999,1,3,0,0,1,recovered_735
487,[C][C]([C])[C]c1[c][c][c][c]c1[C],0.0,132.121,2,0,0,0.5628,7.8468,1,0,0,0,0,recovered_735
488,[C][C]/[C]=[C]/[C]S[C][C][C]C([C])=[C],0.0,164.188,7,0,1,0.5151,7.4084,0,1,0,0,1,recovered_735
489,[C][C]([C])[C]C1=C([C][C]2[C][C]3[C][C][C]2[C]3[C])C(O)=[C][C]1,0.0,233.205,4,1,1,0.7831,4.8154,3,2,0,0,0,recovered_735
49,[C][C]/[C]=C(\[C])[C]/[C]=N/[C]c1[c][c][c]c2[c][c][c][c]c12,0.0,230.205,5,0,1,0.6949,7.8823,2,1,0,0,1,recovered_735
490,[C][C]1[C][C]/C(=[C]\[C]=[C]\[C]=[C]\[C]=[C]\[C]=O)C(=[C])[C]1,0.0,208.175,4,0,1,0.4967,7.4217,1,5,0,0,1,recovered_735
491,[C][C][C][C]C([C])([C])[C]/[C]=[C]/[C]c1[c][c][c][c][c]1,0.0,204.187,7,0,0,0.6287,7.89,1,1,0,0,0,recovered_735
492,[C]C(=O)/N=C(\[C])[C][C]/[C]=[C]/[C][C]=[C],0.0,162.127,5,0,1,0.531,6.8888,0,1,0,0,1,recovered_735
493,[C][C][C]/[C]=[C]/[C]=[C]/[C]([C])/[C]=[C]/C#[C],0.0,156.143,5,0,0,0.4108,7.3629,0,2,1,0,1,recovered_735
494,[C][C][C][C]N([C])[C]1[N][C]2[C][C]([C][C]/[C]=[C]/[NH])[C]1[C]2,0.0,223.194,7,0,1,0.5664,5.8494,2,1,0,0,1,recovered_735
495,[C]/[C]=[C]/[C]=[C]/Cl,0.0,95.508,1,0,0,0.428,6.8972,0,2,0,0,1,recovered_735
496,[C][C]1[C]2[C][C][C]1[C](/[C]=[C]/[C]=[C]/[C]=[C]/[C]=[C])[C]2,0.0,192.176,4,0,0,0.5888,6.4763,2,4,0,0,1,recovered_735
497,[C][C]1[C]c2[c][c][c]c([C]/[C]=[C]/[C]=[C]/Cl)c2[C]1N,0.0,231.641,3,1,1,0.784,7.0566,2,2,0,0,1,recovered_735
498,[C][C]([C])[C]C1=[C][C]=[C][C]1[C][C]=C=O,0.0,160.131,4,0,1,0.5493,7.2807,1,2,0,0,1,recovered_735
499,[C][C]([C])/[C]=[C]/[C]=C(\[C])[C][C][C][C]/[C]=C1/[C]=[C][C]=[C]O1,0.0,232.197,7,0,1,0.4777,7.7311,1,3,0,0,1,recovered_735
5,[C][C]([C])/[C]=[C]/[C][C]1[C][C][C]2[C][C]1[C][C][C]2[C]1[C]=[C][C]=[C]N1,0.0,255.235,4,1,1,0.7938,7.4736,3,2,0,0,0,recovered_735
50,[C][C][C][C]([C])N1[C][C][C]([C])[C]1[C]=[C],0.0,158.139,4,0,1,0.5805,7.6352,1,1,0,0,0,recovered_735
500,[C]=[C]/[C]=[C]/C1=C2[C]=[C][C]=C2[C]=[C]1,0.0,144.132,2,0,0,0.5106,7.6044,2,6,0,0,1,recovered_735
501,[C][C][C][C][C]/[C]=[C]/C1=[C]c2[c][c][c][c]c2[C]1[C]/[C]=[C]/c1[c][c][c][c][c]1,0.0,300.275,8,0,0,0.6562,7.9789,3,2,0,0,1,recovered_735
502,[C][C]C1=[C][C]=[C][C]1[C][N][C][C]([C])S[C][C][C]([C])Nc1[c][c][c][c]n1,0.0,315.316,11,1,3,0.6744,7.7383,2,2,0,0,0,recovered_735
503,[C][C]([C]/[C]=[C]/[C]=[C])NC1=C([C][C@]23[C][C@]24[C][C]43)[C][C][C][C]1,0.0,243.224,7,1,1,0.6586,7.6013,4,2,0,0,1,recovered_735
504,O=[C][C][C][C][C][C][C][C][C]/[C]=[C]/[C]1[C][C]1[C]1[C][C]1,0.0,220.186,11,0,1,0.4728,7.2766,2,1,0,0,1,recovered_735
505,[C][C][C][C]/[C]=C1[C][C][C]C/1=[C]\[C][C]([C])[C][C][C],0.0,204.187,7,0,0,0.5516,7.676,1,2,0,0,1,recovered_735
506,[C][C]/[C]=[C]/[C]=C(/[C]/[C]=[C]/N=[C]/c1[c]nno1)c1[c][c][c]c2c1[C][C][C]=[C]2,0.0,322.262,7,0,4,0.5736,7.7058,3,2,0,0,1,recovered_735
507,[C]C(=O)[C]/[C]=[C]/C1=[C]C([C])([C])[C][C]/C1=[C]\[C][S],0.0,228.231,4,0,1,0.7109,7.3446,1,3,0,0,0,recovered_735
508,[C]=[C]/[C]=[C]/[C]=[C]/[C][C]N1[C][C][C][C][C]1,0.0,170.15,5,0,1,0.5499,7.7773,1,3,0,0,1,recovered_735
509,[C][C]/[C]=[C]/[C]=[C]/[C]=[C]/[C]=[C]/[C]=[C]/[C]=[C]/[C]1[C]c2[c][c][c][c]c2[C]=N1,0.0,290.26,7,0,1,0.6792,7.8058,2,6,0,0,1,recovered_735
51,[C][C]1[C]C(=[C])[C]=C2[C]1[C][C]C1=[C][C]=[C][C][C]12,0.0,192.176,0,0,0,0.5456,7.8983,3,2,0,0,0,recovered_735
510,[C][C]/[C]=[C]/[C]=C(/[C][C])[C]1[C][C][C]=[C]1,0.0,156.143,4,0,0,0.5351,7.659,1,2,0,0,1,recovered_735
511,[C][C][C]1[C][C]2[C][C][C]1[C][C]2[C][C][C]1[C][C][C][C]C1=O,0.0,232.197,4,0,1,0.705,6.6471,4,0,0,0,0,recovered_735
512,[C][C][C]/C([C])=C1/[C][C][C][C][C@]1([C])O,0.0,161.139,2,1,1,0.6164,7.9632,1,1,0,0,0,recovered_735
513,[C][C][C][C][C]1/C(=[C]\[C]=[C]\[C]/[C]=[C]/[C]=[C]/[C])[C]c2[c]c([C])[c][c]c21,0.0,276.253,7,0,0,0.6691,7.7154,2,2,0,0,1,recovered_735
514,[C]/[C]=[C]/[C]=[C]/C#CO/[C]=C1\[C]=[C]C([C])=[C]N1[C]1[C]=[C][C]=[C]1,0.0,258.215,3,0,2,0.4275,7.6343,2,3,1,0,1,recovered_735
515,[C]/[C]=[C]/[C]=[C]/[C]C1=C([C]C#[C])[C]=[C][C]1,0.0,168.154,4,0,0,0.4369,7.5091,1,2,1,0,1,recovered_735
516,[C][C][C]c1[c][c][c]n1[C][C][C][C][C]c1[c][c][c][c]c1[C],0.0,242.216,8,0,0,0.6163,7.8864,2,0,0,0,1,recovered_735
517,[C]/[C]=[C]/[C]=[C]/Cl,0.0,95.508,1,0,0,0.428,6.8972,0,2,0,0,1,recovered_735
518,[C][C][C]([C])[C]1[C]([C])[C][C][C]1NC1=C([C])[C][C]([C])[C]1[C][C],0.0,243.224,5,1,1,0.7647,7.4357,2,1,0,0,0,recovered_735
519,[C]/[C]=[C]/C1=[C][C]=[C][C]1/[C]=N/[C]=O,0.0,150.116,3,0,1,0.5294,7.2516,1,3,0,0,1,recovered_735
52,[C][C]/[C]=C([C])/[C]=[C]/[C]=[C]/[C],0.0,120.11,3,0,0,0.485,7.4555,0,3,0,0,1,recovered_735
520,[C][C][C]1[C][C]N2[C](/[C]=N/[C]C([C])([C])/[C]=[C]/[C]=[C])[C][C]=[C][C]12,0.0,256.223,6,0,2,0.5105,7.8337,2,2,0,0,1,recovered_735
521,[C][C][C][C]([C])[C][C@@]1(N)C([C])=[C][C]=C(Cl)N1Br,0.0,289.519,4,1,2,0.6271,7.3105,1,2,0,0,1,recovered_735
522,[C][C]1[C]c2nc([C])[c][c]c2[C]2[C]=[C][C][C]12,0.0,182.161,0,0,1,0.5824,7.4187,3,1,0,0,0,recovered_735
523,[C][C]/[C]=[C]/[C][C]1[C][C][C]/C1=[C]\C(=[C]/[C])C([C])([C])[C],0.0,216.198,5,0,0,0.6534,7.8103,1,2,0,0,0,recovered_735
524,[C][C][C][C]([C])/[C]=[C]/[C]=[C]/[C]=[C]/[C]1[C][C][C][C]1Cl,0.0,227.629,6,0,0,0.6091,7.3686,1,3,0,0,1,recovered_735
525,[C]/[C]=[C]/[C]/[C]=[C]/N[C]C([C])=[C],0.0,135.125,5,1,1,0.5376,7.3667,0,1,0,0,1,recovered_735
526,[C][C][C]/[C]=[C]/N/[C]=[C]/N[C][C]/[C]=[C]/c1[c][c][c]c([C])n1,0.0,248.224,9,2,3,0.4832,7.4229,1,1,0,0,1,recovered_735
528,[C][C][C][C]([C])[C][C][C]N[C]1[C][C]([C][C])[C][C@]12[C][C]=[C][C][N]2,0.0,257.231,8,1,1,0.4905,7.5543,2,1,0,0,1,recovered_735
529,[C]=[C]/[C]=[C]/C(=O)[C]C1=[C]C(=O)[C]=[C]1,0.0,164.119,4,0,2,0.4307,6.7187,1,2,0,0,1,recovered_735
53,[C][C]/[C]=[C]/[C][C][C]1[C]2[C][C][C]1[C]([C]/[C]=[C]/[C])[C]2,0.0,204.187,6,0,0,0.6129,6.4173,2,1,0,0,0,recovered_735
530,[C]/[C]=[C]/[C]=[C]/Cl,0.0,95.508,1,0,0,0.428,6.8972,0,2,0,0,1,recovered_735
531,[C]/[C]=[C]/[C]=[C]/Cl,0.0,95.508,1,0,0,0.428,6.8972,0,2,0,0,1,recovered_735
532,[C][C]=C=C([C][C]C1=[C][C]N[C]=N1)/[C]=[C]/[C]/[C]=N/[C]=[C]/[C],0.0,247.216,7,1,3,0.4022,7.5797,1,3,0,0,1,recovered_735
533,[C][C][C]/[C]=[C]/[C]=[C]/C1=[C][C]2[C]=C([C])[C]=[C]C2=[C]1,0.0,204.187,4,0,0,0.6101,7.6754,2,6,0,0,1,recovered_735
534,[C][C][C]/[C]=[C]/[C]=C1\[C][C][C]([C][C]/[C]=N/[C]2[C][C]3[C][C][C]2[C][C]3)[C]1,0.0,278.249,7,0,1,0.6284,7.271,4,2,0,0,1,recovered_735
535,O=[C][C]1[C][C][C]N1,0.0,91.069,1,1,2,0.468,7.1184,1,0,0,0,0,recovered_735
537,NC1=C(/C([C]c2[c][c][c][c][c]2)=[C]\[C]=O)[C][C]=[C]1,0.0,212.187,4,1,2,0.7352,7.3766,2,3,0,0,1,recovered_735
538,[C][C][C][C][C]([C][C][C]C1=[C][C]=C([C])[C]1S[C][C])N[C]1[C][C][C][C]1,0.0,299.313,11,1,2,0.6262,7.6633,2,2,0,0,0,recovered_735
539,[C]C1=C(/[C]=[C]/[C]=[C])[C][C]=[C]1,0.0,120.11,2,0,0,0.476,7.6351,1,4,0,0,1,recovered_735
54,[C]/[C]=[C]/[C]=[C]/Nc1[c][c]n[c]c1/[C]=[C]/[C]N,0.0,201.188,5,2,3,0.5309,7.309,1,2,0,0,1,recovered_735
541,[C][C]([C])[C][C]/[C]=[C]/[C]=[C]/[C]=[C]/[C]=[C]/[C][C]=O,0.0,196.164,8,0,1,0.5232,7.2248,0,4,0,0,1,recovered_735
542,[C][C][C]C1=C([C]/[C]=[C]/[N][N]/[C]=[C]/[C]/N=[C]/[C])[C]=[C][C]1,0.0,234.197,9,0,1,0.3129,7.6453,1,2,0,0,1,recovered_735
543,[C][C][C][C][C][C][C][C][C][C]N1[C][C][C]([C][C][C][C])[C]1,0.0,230.205,12,0,1,0.4544,7.6674,1,0,0,0,1,recovered_735
544,[C]C([C])([C])[C]=C=[C][C][C][C][C][C]1[C]=[C][C]=[C]1,0.0,192.176,6,0,0,0.4392,7.6696,1,2,0,0,1,recovered_735
545,[C]/[C]=[C]/[C]([C][C][C]C1=[C]N[C][C]=[C]1)[C]=O,0.0,187.157,6,1,2,0.6412,7.3978,1,2,0,0,0,recovered_735
546,[C][C][C][C][C][C][C][C][C]([C])[C][C][C]1[C]2[C]=[C][C]([C])[N@]1[C][C]2[C],0.0,266.238,10,0,1,0.5401,7.7172,2,1,0,0,1,recovered_735
547,[C][C][C][C][C]N[C][C][C]/[C]=[C]/[C]=C1[C][C][C][C]1,0.0,207.191,9,1,1,0.4369,7.6302,1,2,0,0,1,recovered_735
548,[C][C][C]1C([C]/[C]=[C]/[C]=[C]/[C]=[C]/Nc2[c][c][c][c]c2[C])=[C][C]=[C]N1[C],0.0,293.264,7,1,2,0.6076,7.8793,2,3,0,0,1,recovered_735
549,[C]/[C]=[C]/[C][C]1N[C]2[C][C]3[C]([C])[C][C][C][C]3[C]2[C][C]1[C]C(=[C])N,0.0,271.258,4,2,2,0.7862,7.4314,3,1,0,0,0,recovered_735
55,[C]/[C]=[C]/[C]=[C]/N/[C]=[C]/c1[c][c][c][c]c1[C]=O,0.0,199.168,5,1,2,0.5446,7.3967,1,2,0,0,1,recovered_735
550,[C][C]c1[c][c][c][c]c1[C]=O,0.0,124.098,2,0,1,0.556,7.3854,1,0,0,0,0,recovered_735
551,[C][C][C][C]C1=C([C]([C])[C])[C][C][C]1,0.0,144.132,4,0,0,0.5543,7.6964,1,1,0,0,0,recovered_735
552,[C]/[C]=[C]/[C]=[C]/Cl,0.0,95.508,1,0,0,0.428,6.8972,0,2,0,0,1,recovered_735
553,[C][C@]1([C][C][C][C]([C]=[C])/[C]=[C]/c2[c][c][c][c][c]2)[C][C]=[C][C]=[C]1,0.0,252.231,7,0,0,0.6924,7.387,2,2,0,0,0,recovered_735
554,[C][C]c1[c][c][c][c]c1[C]=O,0.0,124.098,2,0,1,0.556,7.3854,1,0,0,0,0,recovered_735
555,[C][C][C][C][C]([C])[C]/N=[C]/[C@]1([C])[C]C([C])([C])[C]C([C])=N1,0.0,232.201,6,0,2,0.6011,5.8404,1,0,0,0,1,recovered_735
556,[C][C]([C]C(=O)[C]Cl)[C]1[C][C][C][C]1,0.0,171.562,4,0,1,0.6167,7.0433,1,0,0,0,0,recovered_735
557,[C][C]1[C][C]C2=C([C]1)c1[c][c][c][c]c1[C]2[C]=[C],0.0,192.176,1,0,0,0.6345,7.7186,3,1,0,0,0,recovered_735
558,[C][C][C][C]([C])[C]c1[c][c][c]c([C]C(=O)[C][C]2[C]=[C][C]=[C]O2)[c]1,0.0,272.218,8,0,2,0.7095,7.6961,2,2,0,0,0,recovered_735
559,[C]C(=[C])[C]N1[C][C]=[C][C]=C1[C],0.0,134.117,2,0,1,0.5354,7.8597,1,2,0,0,0,recovered_735
56,[C]c1[c][c]c([C][C][C]=O)c(Cl)[c]1,0.0,171.562,3,0,1,0.6701,6.8796,1,0,0,0,0,recovered_735
560,[C][C]([C])[C]c1[c]c([C])[c][c]c1-c1[c]c([C])[c]c([C])[c]1,0.0,228.209,3,0,0,0.7547,7.8816,2,0,0,0,0,recovered_735
561,[C][C]1[C]2[C][C]([C][C]2/[C]=[C]/[C]=[C]/[C]=[C])[C]1[C]=O,0.0,196.164,4,0,1,0.606,7.8751,2,3,0,0,1,recovered_735
562,[C][C][C][C][C][C]/[C]=[C]/C1=C([C])[C][C][C]1[C],0.0,180.165,6,0,0,0.5414,7.4527,1,2,0,0,1,recovered_735
563,[C][C]([C][C][C]/[C]=N/C([C])([C])[C][C]NC1=[C][C]=[C][C][C]1)[C]=N,0.0,260.235,10,2,3,0.3356,7.6657,1,2,0,0,1,recovered_735
564,[C]C1=[C][C]=[C][C]1,0.0,72.066,0,0,0,0.392,5.237,1,2,0,0,0,recovered_735
565,[C][C][C]/[C]=[C]/[C]/[C]=[C]/[C]=[C]/[C]1[C][C]=[C][C]=[C]1,0.0,192.176,6,0,0,0.5563,7.7304,1,2,0,0,1,recovered_735
566,[C][C]/[C]=[C]/[C]([C])[C][C@]1([C])[C][C]([C])[C]O1,0.0,172.142,4,0,1,0.6062,5.6326,1,1,0,0,0,recovered_735
567,O=[C][C]N[C][C][C]C1=[C][C][C][C]=C1[C]=O,0.0,191.145,7,1,3,0.4425,7.0965,1,2,0,0,1,recovered_735
568,[C][C]c1[c][c]c([C]/[C]=[C]/[C])[c][c]1,0.0,144.132,3,0,0,0.5952,7.7485,1,1,0,0,0,recovered_735
569,[C]/[C]=[C]/[C]=[C]/[C][C]([C])[C]1[C][C][C][C]1c1[c][c][c][c][c]1,0.0,228.209,5,0,0,0.6714,7.9492,2,2,0,0,1,recovered_735
57,[C][C][C][C]C(/[C]=[C]/[NH])=[C]\[C]=[C]\[C]=[C]\[C]=[C]\[C],0.0,195.18,7,0,0,0.5416,7.3977,0,5,0,0,1,recovered_735
570,[C][C]C1=C([C]2[C]([C])[C]([C])[C][C]2c2[c][c][c][c]c2N)[C]=[C][C]1,0.0,256.243,3,1,1,0.8169,7.6111,3,2,0,0,1,recovered_735
571,[C]=[C]/[C]=[C]/[C]1[C][C]=[C]C1=[C],0.0,120.11,2,0,0,0.4745,7.6351,1,2,0,0,1,recovered_735
572,[C]/[C]=[C]/S[C]Cl,0.0,115.564,2,0,1,0.5276,6.8081,0,1,0,0,0,recovered_735
573,[C][C][N][C][C][C]C(=O)[C]/C([C])=[C]/[C]=[C]/[C]=[C]/[C][C]([C])[C],0.0,246.204,11,0,1,0.3866,7.3294,0,3,0,0,1,recovered_735
574,[C]/[C]=[C]/[C]=[C]/Cl,0.0,95.508,1,0,0,0.428,6.8972,0,2,0,0,1,recovered_735
575,[C][C][C][C][C][C][C][C][C]1[C](S)[C][C]2[C][N@]1N[C]=[C]2,0.0,242.262,7,2,3,0.5066,7.3659,2,1,0,0,1,recovered_735
576,[C][C]([C])Sc1c([C])[c][c]c(S)c1[C][C@]1(O)[C]N[C][C]=N1,0.0,291.336,4,3,5,0.574,7.5679,2,0,0,0,1,recovered_735
577,[C]/[C]=[C]/[C]=[C]/[C]=[C]/[C][C][C]C([C])=O,0.0,160.131,6,0,1,0.4073,7.0001,0,3,0,0,1,recovered_735
578,[C][C][C]/[C]=[C]/[C]=[C]/[C]1[C]=[C][C]2[C][C][C]1[C]2[C],0.0,192.176,4,0,0,0.5888,6.6057,2,2,0,0,1,recovered_735
579,[C][C]1[C][C][C][C]1[C]1[C][C][C][C@@]1(Cl)[C]=[C],0.0,191.596,2,0,0,0.5801,5.2853,2,1,0,0,1,recovered_735
58,[C][C]([C][C][C]C1=[C]C(=C([C])[C])[C]=[C]1)N[C@@]1([C])[C][C][C]N1,0.0,246.228,6,2,2,0.709,6.2048,2,3,0,0,0,recovered_735
580,[C][C][C][C]C(=O)[C]c1[c][c][c][c]c1/[C]=[C]/[C]=[C]/[C]=[C]/C([C])=N,0.0,271.234,9,1,2,0.5312,7.3946,1,3,0,0,1,recovered_735
581,[C][C]/[C]=[C]/[C]=C1/[C][C][C]([C]2[C][C]N([C])[C]/C2=N/[C]=[C]/[C])[C]N1,0.0,271.238,4,1,3,0.8118,7.8144,2,2,0,0,1,recovered_735
582,[C][C][C][C]C([C])([C])/[C]=[C]/[C]/C([C])=[C]/[C][C],0.0,180.165,7,0,0,0.5521,7.5961,0,1,0,0,0,recovered_735
583,[C][C][C][C][C]([C])[C][C]c1[c][c]c2[c][c][c][c]c2[c]1,0.0,216.198,6,0,0,0.6919,7.8801,2,0,0,0,0,recovered_735
584,[C]/[C]=[C]/[C][C][C][C]1[C][C]N[C]1,0.0,135.125,4,1,1,0.5472,7.5786,1,1,0,0,1,recovered_735
585,[C]=[C][C][C][C]1[C][C][C][C]1,0.0,108.099,3,0,0,0.4997,7.7885,1,1,0,0,0,recovered_735
586,[C][C][C][C]1[C][C]=[C]N1[C]Cl,0.0,145.548,3,0,1,0.5363,7.367,1,1,0,0,1,recovered_735
587,[C][C][C][C][C][C]1[C]2[C][C][C@]1([C])C(/[C]=C(\[C])[C][C][C])=[C][C]2,0.0,240.22,7,0,0,0.594,7.8661,2,2,0,0,1,recovered_735
588,[C][C][C][C][C][C][C]1[C][C]=[C][C]=C1/[C]=[C]/[C][C][C][C],0.0,216.198,9,0,0,0.5127,7.721,1,3,0,0,1,recovered_735
589,[C][C][C][C][C][C][C]([C])[C][C]C(=[C])/[C]=[C]/[C]=[C]/NC(N)=O,0.0,251.224,11,2,1,0.3133,6.8679,0,3,0,0,1,recovered_735
59,[C][C]/[C]=[C]/[C]=[C]/[C]=[C]/[C]/[C]=[C]/c1[c][c][c][c][c]1,0.0,204.187,6,0,0,0.6149,7.7567,1,3,0,0,1,recovered_735
590,[C]C1=[C][C]=C2[C]([C][C]N2[C]C2=[C][C][C][C][C]2)[C]1,0.0,206.183,2,0,1,0.6559,3.538,3,2,0,0,0,recovered_735
591,[C][C]([C])[C][C][C]1[C]=[C][C]=C1[C]C(=O)/[C]=[C]/[C]/[C]=[C]/Cl,0.0,255.639,8,0,1,0.6028,7.2239,1,2,0,0,1,recovered_735
592,[C][C][C][C]([C])c1[c][c][c][c]c1[C]=O,0.0,160.131,4,0,1,0.6302,7.4536,1,0,0,0,0,recovered_735
593,[C][C][C]/[C]=[C]/c1[c][c]c([C])c([C][C]Nc2[c][c]c([C])[c]c2[C])n1,0.0,281.253,7,1,2,0.7819,7.5408,2,1,0,0,1,recovered_735
594,[C][C][C][C][NH],0.0,63.059,2,0,0,0.4324,7.2098,0,0,0,0,0,recovered_735
595,[C][C]([C])/[C]=[C]/[C]=[C]/[C][C]1[C]2[C][C][C][C]1[C]([C][C][C][C]/[C]=[C]/N)[C]2,0.0,280.265,9,1,1,0.3832,6.6886,2,2,0,0,1,recovered_735
596,[C][C]/[C]=[C]/[C]=[C]/[C]C1=[C][C]=[C][C]1[C][C],0.0,168.154,5,0,0,0.5412,7.5938,1,2,0,0,1,recovered_735
597,[C][C]1[C]=[C][C](C([C])=O)[C]1C1=[C][C]=[C][C]1[C]1[C][C][C][C]1,0.0,232.197,3,0,1,0.7098,7.5773,3,2,0,0,0,recovered_735
598,[C][C][C][C]([C])[C]/[C]=C1/N[C]=[C]C([C])=C1[C]N([C]c1[c][c][c][c]c1O)O[C][C]1[C][C]N[C]1,0.0,389.329,11,3,5,0.3883,7.8867,3,3,0,0,1,recovered_735
599,[C][C]c1[c][c][c][c]c1[C]N[C][C][C]c1[c][c][c]nc1[C]/[C]=[C]/[C]=[C]/[C]=[C]/[C],0.0,329.297,11,1,2,0.3833,7.8509,2,3,0,0,1,recovered_735
6,[C]/[C]=[C]/[C]=[C]/Cl,0.0,95.508,1,0,0,0.428,6.8972,0,2,0,0,1,recovered_735
60,[C][C]/[C]=[C]/[C]=C1/N[C]([C])[C]2[C]1[C]([C][C])c1[c][c][c][c]c12,0.0,243.224,3,1,1,0.8417,7.3551,3,2,0,0,0,recovered_735
600,[C][C]/[C]=[C]/[C]=C1\[C][C]2[C][C]1[C][C][C]2/[C]=[C]/[C]=[C]/[C],0.0,216.198,4,0,0,0.6252,6.8528,2,2,0,0,1,recovered_735
601,[C][C]/[C]=[C]/C1=[C][C]=[C][C]1[C],0.0,120.11,2,0,0,0.5073,7.6351,1,3,0,0,0,recovered_735
602,[C]/[C]=[C]/c1[c][c]c([C][C]=[C])[c][c]1,0.0,144.132,3,0,0,0.5952,7.7485,1,1,0,0,0,recovered_735
603,[C]/C(=N\[C]=O)c1[c][c][c]c2c1[C][C](Cl)[C]2[C]Br,0.0,301.506,3,0,1,0.7863,6.81,2,0,0,0,1,recovered_735
604,[C][C][C]/[C]=[C]/[C]=[C]/[C]=[C]/C([C])([C])c1[c][c][c][c][c]1,0.0,216.198,6,0,0,0.6294,7.8615,1,3,0,0,1,recovered_735
605,[C][C]/[C]=[C]/[C]=C(\[C][C])[C](N)[C]1[C][C][C][N][C]1,0.0,198.184,5,1,1,0.6271,7.3929,1,2,0,0,1,recovered_735
606,[C][C][C][C]/[C]=C1\[C][C][C]2N[C]=[C][C]=C21,0.0,171.158,3,1,1,0.6165,7.6729,2,3,0,0,1,recovered_735
607,[C]c1[c][c]c([C])c([C]/[C]=[C]/[C]=[C]/N[C@]2([C])[C][C]=[C][C]=[C]2)n1,0.0,257.231,5,1,2,0.6171,5.6264,2,2,0,0,1,recovered_735
608,[C]/[C]=[C]/[C]=C1\[C][C][C]N([C][C][C]2[C][C]=[C][C]=[C]2)[C]1c1[c][c][c][c]c1F,0.0,309.258,5,0,1,0.8043,7.9129,3,2,0,0,0,recovered_735
609,[C][C][C][C]1[C][C][C]([C])C(=O)[C]1,0.0,136.109,2,0,1,0.5333,7.187,1,0,0,0,0,recovered_735
61,[C][C][C][C][C]1[C]2[C][C][C]1C1=[C][C][C]3[C]=[C][C]=C3[C]1[C]2,0.0,228.209,3,0,0,0.6893,7.1084,4,2,0,0,0,recovered_735
610,[C]C(=O)[C]/[C]=[C]/[C]=[C]/[C]=[C]/[C]=[C]/[C]/[C]=[C]/[C]=[C]/c1[c][c][c][nH]1,0.0,271.234,9,1,1,0.6693,7.4459,1,4,0,0,1,recovered_735
611,[C][C][C][C][C]1[C][C]2[C][C]=[C][C]1[C]2,0.0,144.132,3,0,0,0.5534,6.9037,2,1,0,0,0,recovered_735
612,[C]/[C]=[C]/[C]=[C]/[C]=C=[C]C1=C([C])C(C(=[C])[C]=[C])=N[C]1,0.0,218.194,5,0,1,0.4896,7.4004,1,5,0,0,1,recovered_735
613,[C][C][C][C]([C])/[C]=[C]/[C]=C(\[C])[C]/[C]=[C]/[C]=C(\Cl)[C][C],0.0,239.64,8,0,0,0.5701,7.3505,0,2,0,0,1,recovered_735
614,[C][C]/C([C][C]/[C]=[C]/[C]=[C]/[C])=[C]\[C]=[C]\[C]=C([C])\[C]=[C]\[C]=[C]\F,0.0,259.218,9,0,0,0.5568,7.4731,0,5,0,0,1,recovered_735
615,[C]/[C]=[C]/C#C[C]C([C])=C=C1[C][C]S[C]1,0.0,188.21,1,0,1,0.4461,7.3155,1,2,1,0,1,recovered_735
616,[C][N]/[C]=[C]/[C]1[C]2[C][C]([C]N=C2c2[c][c][c][c]c2[C])/C1=N\[C]=[C]\[C]=[C],0.0,294.252,5,0,2,0.7265,6.5725,3,2,0,0,1,recovered_735
617,[C][C]C1=[C][C]=[C][N]1,0.0,86.073,1,0,0,0.4288,7.6887,1,2,0,0,0,recovered_735
618,[C][C][C]C(/[C]=C(\N)[C]C#C[C])=[C]/C1=[C][C]=[C][N]1,0.0,210.195,5,1,1,0.5111,7.2743,1,4,1,0,1,recovered_735
619,[C][C][C][C][C][C][C][C][C][C]c1[c][c][c][c]c1[C][C]1[C]c2[c][c][c][c]c2[C]1[C],0.0,324.297,11,0,0,0.557,7.9973,3,0,0,0,1,recovered_735
62,[C][C]/[C]=[C]/[C]=[C]/[C]=[C]/[C]=[C]/[C@]1([C])[C][C][C][C]2Nc3[c][c][c][c]c3[C]21,0.0,291.268,5,1,1,0.8174,6.2384,3,4,0,0,1,recovered_735
620,[C][C][C][C][C][C]C1=C(N)[C]=[C][C]1,0.0,148.144,5,1,1,0.5627,7.1944,1,2,0,0,1,recovered_735
621,[C][C][C][C]/[C]=C(\[C])c1[c][c]n[c]c1[C][N][C][C][C]([C])O,0.0,249.208,9,1,2,0.6545,7.4604,1,1,0,0,1,recovered_735
622,[C]/[C]=[C]/[C]=[C]/C1=[C]NC([C])=[C]C1([C])[C],0.0,171.158,2,1,1,0.6007,7.6778,1,3,0,0,1,recovered_735
623,[C]/[C]=[C]/[C]=[C]/[C]/[C]=[C]/[C]=[C]/[C][C][C][C][C]1[C][C][C]O1,0.0,232.197,9,0,1,0.431,7.6174,1,2,0,0,1,recovered_735
624,[C][C][C][C][C]([C])[C][C]1[C][C]=[C][C]=C1[C@]12[C][C]=[C][C]=C1[C][C][C]2[C][C],0.0,288.264,7,0,0,0.6722,7.3161,3,2,0,0,0,recovered_735
625,[C][C][C]/[C]=[C]\[C]1[C]2[C][C][C]3[C][C@@]1([C])[C][C]32,0.0,180.165,3,0,0,0.6106,7.6507,3,1,0,0,0,recovered_735
626,[C]O/[C]=[C]/[C]=C(\[C]1[C][C]2[C][C][C][C][C]2C1([C])[C])c1[c][c]nn[c]1,0.0,284.233,4,0,3,0.6125,7.8906,3,2,0,0,1,recovered_735
628,[C][C]N([C])C(=O)[C](Cl)[C][N][C]/[C]=C(\[C])[C][C]N,0.0,239.621,8,1,2,0.4726,6.7052,0,1,0,0,1,recovered_735
629,[C][C][C]1[C][C]=[C][C]=C1/[C]=[C]/[C]([C])[C]=O,0.0,172.142,4,0,1,0.6082,7.4627,1,3,0,0,0,recovered_735
63,O=[C][C][C@@]12[N][C@@]13[C][C]23,0.0,102.072,2,0,1,0.4094,7.6922,3,0,0,0,1,recovered_735
630,[C][C]/[C]=[C]/[C]=[C]/[C][C]1[C][C]([C])[C]C1=[C],0.0,168.154,4,0,0,0.5534,7.5704,1,2,0,0,1,recovered_735
631,[C][C][C]1[C][C]C([C]([C])[C]([C])N[C]2[C]=[C][C]=C2[C][C])=[C][C]1N([C])[O],0.0,285.241,7,1,2,0.7036,7.6637,2,2,0,0,1,recovered_735
632,[C][C][C][C][C][C]C1=[C][C](/[C]=[C]/[C]=N)N[C]=[C]1,0.0,198.184,7,2,2,0.4571,7.4263,1,2,0,0,1,recovered_735
633,[C][C][C][C]([C][N])[C]c1n[c][c][c]c1[C]C1=[C][C]=C2[N][C]=[C][C]=C2O1,0.0,298.24,7,0,2,0.7401,7.637,3,4,0,0,0,recovered_735
634,[C][C][C][C][C][C][C]1[C][C][C]([C])c2c([C][C][C][C])[c][c][c]c21,0.0,252.231,8,0,0,0.6196,7.6438,2,0,0,0,1,recovered_735
635,[C]/[C]=[C]/[C]=[C]/Cl,0.0,95.508,1,0,0,0.428,6.8972,0,2,0,0,1,recovered_735
636,[C][C][C][C][C]/[C]=[C]/N/[C]=[C]/C1=[C][C][C][C]C1=[C],0.0,207.191,7,1,1,0.4839,7.6637,1,3,0,0,1,recovered_735
637,[C][C][C][C][C][C]/[C]=[C]/[C]=[C]/[C]=C1\[C][C]2[C]([C])[C]=[C][C]=C2N1,0.0,255.235,7,1,1,0.5335,7.5518,2,3,0,0,1,recovered_735
638,[C][C]/[C]=C(\[C][C][C][C]N[C])N[C][C]C1=[C][C]=[C][N]1,0.0,224.202,10,2,2,0.4014,7.4942,1,2,0,0,1,recovered_735
639,[C][C][C][C]C1=[C][C]2[C][C]3[C]([C])[C][C]2[C]3[C]1,0.0,180.165,3,0,0,0.6136,7.3581,3,1,0,0,0,recovered_735
64,[C][C]/[C]=[C]/[C]=[C]/[C]/[C]=[C]/C1=[C]N=[C][N]1,0.0,172.146,5,0,1,0.5363,7.4329,1,2,0,0,1,recovered_735
640,[C]1[C][C]2[C]=[C][C]=C2[C]1,0.0,96.088,0,0,0,0.4166,7.8908,2,2,0,0,0,recovered_735
641,[C][C]/[C]=[C]/[C]=[C]/[C]=C([C])/[C]=[C]/[C]=[C]/[C]c1[c][c][c][c]c1[C],0.0,252.231,7,0,0,0.6501,7.7842,1,5,0,0,1,recovered_735
642,[C][C][C]/[C]=[C]/[C][C@]12[C][C]([C]O1)[C][C]2[C],0.0,172.142,4,0,1,0.6062,7.6038,2,1,0,0,0,recovered_735
644,[C]C(=O)N/[C]=[C]/[C][C][C][C][NH],0.0,142.117,5,1,1,0.4032,6.5709,0,1,0,0,1,recovered_735
645,[C]/[C]=[C]/N[C]c1[c]c([C])[c][c]c1/[C]=[C]/[C]1[C][C][C][C][C]1[C]([C])[C],0.0,279.257,6,1,1,0.7774,7.9228,2,1,0,0,1,recovered_735
646,[C][C]/[C]=[C]/[C]=[C]/N/[C]=[C]/c1[c][c][c][c][c]1,0.0,183.169,5,1,1,0.523,7.7023,1,2,0,0,1,recovered_735
647,[C][C][C]N[C]([C])[C][C][C]/[C]=C(\Cl)[C]/[C]=[C]/[C]=[C],0.0,230.633,10,1,1,0.3407,7.1676,0,2,0,0,1,recovered_735
648,[C][C][C]1[C][C][C]2[C][C](N[C][C][C][C][C](O)[C]([C])[C])N[C]12,0.0,251.224,8,3,3,0.4268,7.1965,2,0,0,0,1,recovered_735
649,[C][C][C][C][C][C][C]1[C][C][C]2[C][C][C][C]3[C][C]([C])[C][C@]23[C]1,0.0,240.22,5,0,0,0.6395,7.7423,3,0,0,0,1,recovered_735
65,[C][C][C][C][C][C]C1=[C][C]=[C][C]1[C],0.0,144.132,5,0,0,0.5058,7.6011,1,2,0,0,1,recovered_735
650,[C]OC1=[C]N[C]([C])[C]=C1[C]c1[c][c][c]c2c1[C][C][C]2,0.0,235.201,3,1,2,0.8476,7.8309,3,2,0,0,0,recovered_735
651,[C]/[C]=[C]/[C]=[C]\[C]c1[c][c][c][c]c1[C][C][C]=O,0.0,196.164,6,0,1,0.6163,7.4514,1,2,0,0,1,recovered_735
652,[C]O/[C]=[C]/[C]1[C]C([C])=C2[C]([C])[C]12,0.0,148.12,2,0,1,0.5301,7.0684,2,1,0,0,1,recovered_735
653,[C]=[C]/[C]=[C]/[C]=[C]/[C][C]N1[C][C]=[C][C]=[C]1,0.0,170.15,5,0,1,0.5499,7.7773,1,3,0,0,1,recovered_735
654,[C][C][C][C][C][C]([C])[C]1[C][C]C2=[C][C]([C])[C]=C12,0.0,192.176,5,0,0,0.5782,7.6816,2,2,0,0,1,recovered_735
655,[C][C][C]/[C]=[C]/[C][C]C(=O)[C]=O,0.0,140.097,6,0,2,0.4762,6.5021,0,1,0,0,1,recovered_735
656,[C][C]N/[C]=[C]/Nc1[c][c]c([C])c([C]([C])C([C])=[C])[c]1,0.0,222.206,6,2,2,0.7033,7.6078,1,1,0,0,1,recovered_735
657,[C][C]([C])[C][C]1[C][C][C]C1=O,0.0,124.098,2,0,1,0.5143,7.1698,1,0,0,0,0,recovered_735
658,[C][C]([C])/[C]=[C]/[C]=[C]/c1[c][c][c][c]c1[C][C]N[C][C]c1n[c][c][c]n1,0.0,295.26,9,1,3,0.4209,7.7854,2,2,0,0,1,recovered_735
659,[C]C1([C])[C][C]=[C][C@]([C])([C][C][C]/[C]=[C]/C2([C])[C]=[C][C]=[C]2)[C]1,0.0,240.22,5,0,0,0.6369,7.47,2,2,0,0,1,recovered_735
66,[C][C][C]([C][C])[C][C][C]1[C]=[C]c2[c][c][c][c]c2[C]1[C]([C])[C][C],0.0,252.231,7,0,0,0.6941,7.7995,2,1,0,0,0,recovered_735
660,[C][C][C]/[C]=[C]/[C]=[C]/[C]=[C]/[C][C][C]1[C]N[C][C][C]1/[C]=[C]/[C]=[C]/[C]([C])[C]F,0.0,310.266,11,1,1,0.5739,7.669,1,3,0,0,1,recovered_735
661,[C]/[C]=[C]/[C]=[C]/[C]=[C]/[C][C][C][C]=C1[C]([C])[C][C][C]1[C],0.0,216.198,6,0,0,0.4664,7.5652,1,3,0,0,1,recovered_735
662,[C][C]/[C]=[C]/[C]=[C]/[C]=[C]/[C]1[C]([C])[C]([C]=O)[C]C1=[C],0.0,208.175,5,0,1,0.6133,7.2646,1,3,0,0,1,recovered_735
663,[C][C]1[C]=[C][C]=C1C1=[C]N([C])[C][C](Cl)C1([C])[C],0.0,217.614,1,0,1,0.6447,7.5526,2,3,0,0,0,recovered_735
664,[C][C][C][C]([C])[C][C]([C])[C][C@@]1([C][C]=O)[C][C][C][C]=[C]1,0.0,220.186,8,0,1,0.5916,5.7873,1,1,0,0,0,recovered_735
665,[C]/[C]=[C]/[C]=[C]/Cl,0.0,95.508,1,0,0,0.428,6.8972,0,2,0,0,1,recovered_735
666,[C][C][C][C][C][C][C][C]1[C]2[C][C](/[C]=[C]/[C][C][C][C])[C]1[C][C]2[C],0.0,252.231,10,0,0,0.5192,6.5687,2,1,0,0,1,recovered_735
667,[C]/[C]=[C]/[C]=[C]/F,0.0,79.053,1,0,0,0.4081,6.9443,0,2,0,0,1,recovered_735
668,[C][C][C]([C])[C]C1=C([C])[C]SC([C][C]([C])[C][C]/[C]=[C]/C#C[C])=[C]1,0.0,284.298,8,0,1,0.6169,7.6458,1,2,1,0,1,recovered_735
669,[C]/[C]=[C]/[C]=[C]/Cl,0.0,95.508,1,0,0,0.428,6.8972,0,2,0,0,1,recovered_735
670,[C][C][C][C][C]([C])[C][C][C]1[C][C](Cl)[C]2[C]1[C]=[C][C]=C2O,0.0,256.647,6,1,1,0.7721,7.1225,2,2,0,0,0,recovered_735
671,[C][C]/[C]=C(\[C])[C]/[C]=[C]/[C]=[C]/[C]1[C][C][C][C]=N1,0.0,194.172,5,0,1,0.5814,7.6652,1,2,0,0,1,recovered_735
672,[C]=[C][C][C][C][C][C]1[C]=[C][C][C][C]1N[C][C]1[C][C]=[C][C]=[C]1,0.0,243.224,8,1,1,0.4961,7.8567,2,2,0,0,1,recovered_735
673,[C][C][C][C][C]([C])[C]/[C]=C(Cl)\[C]=[C]\[C][C],0.0,191.596,7,0,0,0.5389,7.1968,0,2,0,0,1,recovered_735
674,[C][C][C]([C])[C][C]n1[c]c2[c][c][c][c]c2c1[C]N/[C]=[C]/[C]=[C]/[C],0.0,269.242,8,1,1,0.5642,7.706,2,2,0,0,1,recovered_735
675,[C]=[C][C][C][C]1[C]C(=[C])c2[c][c][c][c]c21,0.0,168.154,3,0,0,0.6401,7.6496,2,1,0,0,0,recovered_735
676,[C][C]([C])/[C]=[C]/c1[c][c][nH]c1[C]Cl,0.0,170.578,3,1,0,0.7079,7.1823,1,1,0,0,0,recovered_735
677,[C]/[C]=[C]/C1=C([C]/[C]=[C]/[C]=[C]/[C]=[C]/[C]c2[c][c][c][c]c2/[C]=[C]/N)[C]=[C][C]1,0.0,304.287,8,1,1,0.5731,7.7934,2,3,0,0,1,recovered_735
678,[C]#C/[C]=[C]/[C]=[C]/[C]C1=[C][C]=[C][C][C]1,0.0,156.143,3,0,0,0.423,7.6928,1,2,1,0,1,recovered_735
679,[C][C][C][C][C][C]/[C]=[C]/[C]1[C][C]C2=C1[C]=[C][C]2,0.0,192.176,6,0,0,0.5586,7.6595,2,2,0,0,1,recovered_735
68,[C]/C([C][C]/[C]=C1\[C][C][C][C]2[C][C][C][C]=C21)=[C]\N=[C],0.0,218.194,4,0,1,0.6328,7.8826,2,2,0,0,1,recovered_735
680,[C]/[C]=[C]/[C]=[C]/C1=[C][C]=[C][C]1NC(=O)[C][C][C]([C])/[C]=[C]/[C]N,0.0,263.235,8,2,2,0.4759,7.0691,1,4,0,0,1,recovered_735
681,[C][C][C][C]1[C][C]([C]=O)[C]2[C]([C])[C]([C])[C][C]12,0.0,184.153,3,0,1,0.6293,7.1825,2,0,0,0,0,recovered_735
682,[C]/[C]=[C]/[C]=C1/[C][C]=[C][C]1[C]Cl,0.0,155.563,2,0,0,0.5681,7.3201,1,2,0,0,0,recovered_735
683,[C][C]/[C]=[C]/C1=[C][C][C]([C]/[C]=[C]/[C]=[C])C(/[C]=[C]/[C]=C(\N)[C]=O)=[C]1,0.0,272.242,8,1,2,0.5239,7.3475,1,5,0,0,1,recovered_735
684,[C][C]/[C]=[C]/[C]=[C]/[C][C][C][C][C][C]1[C]2[C]=[C][C]=[C]N2N/C1=[C]\[C]=[C],0.0,281.253,9,1,2,0.5003,7.607,2,2,0,0,1,recovered_735
685,[C][C][C]/C([C])=[C]/[C][C]/[C]=[C]/NC(=O)N[C]1[C][C][C]2[C][C][C]([C])[C]=C2[C]1,0.0,310.271,7,2,1,0.5359,7.3808,2,1,0,0,1,recovered_735
686,[C]/[C]=[C]/[C][C][C][C]([C])C(=O)[C][C]1[C]=[C][C]=[C]1,0.0,196.164,7,0,1,0.5479,7.2879,1,2,0,0,1,recovered_735
687,[C][C][C]/[C]=[C]/[C]=[C]/[C]=[C]/[C]1[C]C2=C([C][C][C])[C]=[C][C]2[C@@]1(O)[C][C],0.0,281.249,8,1,1,0.6605,7.9117,2,3,0,0,1,recovered_735
688,[C][C]/[C]=C1/[C]=[C]SN1,0.0,119.148,1,1,2,0.5102,7.2484,1,2,0,0,1,recovered_735
689,[C][C][C]/C([C])=[C]/[C]=[C]/[C]=C1/[C]([C])[C][C][C]N1N/[C]=[C]/[C]=[C]/[C](O)Cl,0.0,321.702,8,2,3,0.5249,7.3951,1,3,0,0,1,recovered_735
69,[C][C]1[C]=[C]C([C])([C])N[C]1[C],0.0,123.114,0,1,1,0.4759,7.4694,1,1,0,0,0,recovered_735
690,[C][C][C]1[C][C][C]C([C])([C])[C]1N,0.0,136.133,1,1,1,0.5449,7.4041,1,0,0,0,0,recovered_735
691,[C]=[C][C]c1[c][c]c([C]/[C]=[C]/[C]=O)[nH]1,0.0,163.135,5,1,1,0.6266,6.981,1,1,0,0,1,recovered_735
692,[C][C][C][C]1[C][C](c2[c][c][c][c]c2[C])[C][C]1[C]c1[c][c][c][c][c]1,0.0,264.242,5,0,0,0.7741,5.0895,3,0,0,0,0,recovered_735
693,Br[C]1[C][C][C][C]1,0.0,139.959,0,0,0,0.4745,7.2709,1,0,0,0,0,recovered_735
694,[C]C(=O)N[C]/[C]=[C]/[C]1[C][C]=[C][C]=C1[C]Cl,0.0,210.599,4,1,1,0.6815,7.016,1,2,0,0,1,recovered_735
695,[C][C][C][C@@]12[C][C][C][C]1[C][C]=[C][C]2[C][C],0.0,168.154,3,0,0,0.5907,6.7519,2,1,0,0,0,recovered_735
696,[C]/[C]=[C]/[C]=[C]/Cl,0.0,95.508,1,0,0,0.428,6.8972,0,2,0,0,1,recovered_735
697,[C]/[C]=[C]/[C]=[C]/[C]([C])[C][C][C][C](O)[C][C]([C])[C]c1[c][c][c][c][c]1,0.0,269.238,10,1,1,0.6395,7.6567,1,2,0,0,1,recovered_735
698,[C]/[C]=[C]/[C]=[C]/[C]/C([C])=[C]/[C]=[C]/[C]=[C]/[C][NH],0.0,183.169,6,0,0,0.5473,7.377,0,3,0,0,1,recovered_735
699,[C][C]1[C]N[C][C]([C][C@@]2([C])C([C])=[C][C]=C2/[C]=[C]/[C]([C])[C])[C]1,0.0,243.224,4,1,1,0.7798,6.8108,2,3,0,0,0,recovered_735
7,[C][C][C][C][C]1[C][C]([C])[C]([C])[C@]1([C]/[C]=[C]/O[C])[C]=[C],0.0,220.186,7,0,1,0.5863,7.9833,1,1,0,0,1,recovered_735
70,[C][C]([C])[C][C]1[C][C]c2[c][c][c][c]c21,0.0,156.143,2,0,0,0.6025,7.8073,2,0,0,0,0,recovered_735
700,[C][C]([C])[C]/[C]=[C]/[C]=[C]/[C]=[C]/[C]C([C])([C])[C]=O,0.0,196.164,7,0,1,0.5465,7.3502,0,3,0,0,1,recovered_735
701,[C][C][C][C][C][C]([C])/[C]=[C]/[C]=[C]/[C][C]C([C])=O,0.0,196.164,9,0,1,0.3918,7.1571,0,2,0,0,1,recovered_735
702,[C][C][C][C]([C])/[C]=[C]/c1[c][c][c][c][c]1,0.0,156.143,4,0,0,0.6122,7.8385,1,1,0,0,0,recovered_735
703,[C]/[C]=[C]/[C]=[C]/[C]=[C]/[C][C][C][C][C@@]([C])(O)[C]/[C]=[C]/c1[c][c][c][nH]1,0.0,272.242,10,2,1,0.4779,7.981,1,3,0,0,1,recovered_735
704,[C][C][C]/[C]=[C]/[C]=[C]/[C]=[C]/[C]c1[c][c][c][c]c1[C]=O,0.0,220.186,7,0,1,0.6267,7.4901,1,3,0,0,1,recovered_735
705,[C][C]([C])[C][C]NC(=[C])[C@@]1([C])[C][C][C]2[C][C][C][C]=C21,0.0,219.202,5,1,1,0.6788,6.592,2,1,0,0,1,recovered_735
706,[C][C][C]1[C]([C])[C][C][C]1[C],0.0,108.099,1,0,0,0.4642,7.5876,1,0,0,0,0,recovered_735
707,[C][C][C]1[C][C][C][C]1[C]Cl,0.0,131.541,2,0,0,0.5307,7.3519,1,0,0,0,0,recovered_735
708,[C][C][C]/[C]=C1/[C][C][C]2[C]=[C][C][C]21,0.0,144.132,2,0,0,0.543,7.6735,2,1,0,0,0,recovered_735
709,[C][C]/[C]=[C]/C([C])=[C]/[C]=[C]/[C]=[C]/c1[c][c][c][nH]1,0.0,195.18,5,1,0,0.6802,7.6219,1,4,0,0,1,recovered_735
71,[C][C]([C])C(=O)[C][C][C]1[C][C][C][C]1,0.0,148.12,4,0,1,0.563,7.2471,1,0,0,0,0,recovered_735
710,[C]=[C]/[C]=[C]/[C]=[C]/c1[c][c][c]n1[C]Cl,0.0,181.581,4,0,0,0.6178,7.3919,1,3,0,0,1,recovered_735
711,[C][C]/C([C])=C([C]C1=NC(=O)C2=C([C]1)[C]=[C][C]2)\[C]=[C]\C#CC([C])=O,0.0,286.225,4,0,2,0.4306,6.8682,2,2,1,0,1,recovered_735
712,[C][C]1[C][C](C([C])=O)[C]([C]2[C][C][C][C][C]2)C(=N)N1,0.0,214.183,2,2,2,0.683,7.0827,2,0,0,0,1,recovered_735
713,[C][C]/[C]=[C]/[C]=[C]/[C]=[C]/[C]1[C]2[C][C]([C][C]/[C]=[C]\[C]=[C]\[C][C]=O)[C]1[C][C][N]2,0.0,306.259,10,0,1,0.5521,6.3207,2,3,0,0,1,recovered_735
714,[C][C]/[C]=[C]/[C]=[C]/[C]=[C]/[C]=[C]/[C]=[C]/[C]=[C]/[C]=[C]/[C][C][C]1[C][C][C]O1,0.0,280.241,10,0,1,0.5537,7.6927,1,7,0,0,1,recovered_735
715,[C][C]/[C]=[C]/[C][C]C1=c2[c]nc([C][C]/[C]=[C]/[C]=[C])c([C])c2=N[C]1,0.0,268.234,8,0,2,0.6082,7.4288,2,2,0,0,1,recovered_735
716,[C][C]1[C]=[C][C]=[C]N1[C]=O,0.0,114.083,1,0,1,0.4608,7.2902,1,2,0,0,0,recovered_735
717,[C]/[C]=[C]/[C]=[C]/[C]([C][C]O[C])[C]1[N][C][C][C]1[C]/[C]=[C]/[C]1[C][C][C][C]1[C],0.0,294.248,9,0,1,0.5869,7.8005,2,2,0,0,1,recovered_735
718,[C][C]([C]S)[C][C][C]1[C][C][C][C][C]1,0.0,165.196,4,1,1,0.5958,7.6712,1,0,0,0,1,recovered_735
719,[C][C]N/[C]=[C]/[C]=[C]/[C]=[C]/[C]=[C]/[C]([C])N[C]1[C][C][C][C@]([C])([C]O)[C]1,0.0,287.257,9,3,3,0.4242,7.9727,1,4,0,0,1,recovered_735
72,[C][C]N/[C]=[C]/[C]1[C]C2=C([C]1)C([C])=[C][C]2,0.0,171.158,3,1,1,0.6187,7.5729,2,2,0,0,1,recovered_735
720,[C]c1[c][c][c][c]c1/[C]=N/[C]C#[C],0.0,146.128,2,0,1,0.4309,7.6526,1,0,1,0,1,recovered_735
721,[C]=[C][C][C]C1=C([C]Cl)[C]=[C][C]1,0.0,155.563,4,0,0,0.5793,7.3201,1,2,0,0,0,recovered_735
722,[C][C][C]1[C][C][C]2[C]=[C][C](/[C]=[C]/[C]c3[c][c][c]c([C])[c]3)[C]=C12,0.0,252.231,4,0,0,0.7674,7.9162,3,1,0,0,0,recovered_735
723,[C]=[C][C][C]/[C]=[C]/c1[c]c2[c][c][c]n2c2c1[C]1[C][C][C](Cl)[C]1O2,0.0,293.668,4,0,1,0.7887,7.2201,4,1,0,0,1,recovered_735
724,[C]/[C]=[C]/[C]=C1/[C][C]([C])[C]C1([C])[C],0.0,144.132,1,0,0,0.514,7.7218,1,2,0,0,0,recovered_735
725,[C][C][C][C]([C]=O)/[C]=[C]/[C]=[C]/[C][C],0.0,148.12,6,0,1,0.4986,7.0878,0,2,0,0,1,recovered_735
726,[C][C][C]/[C]=C(\[C])[C][C]/[C]=[C]/[C],0.0,132.121,5,0,0,0.5225,7.4507,0,1,0,0,0,recovered_735
727,[C][C]C(=[C])C1=C(Cl)[C][C][C@]12[C]1[C][C][C]N[C]1[C]c1[c][c][c][c]c12,0.0,302.699,2,1,1,0.8816,7.4298,4,2,0,0,0,recovered_735
728,[C]/[C]=[C]/[C]=[C]/[C]S[C][C]C1=[C][C][C][C]N1,0.0,203.225,6,1,2,0.5153,7.628,1,2,0,0,1,recovered_735
729,[C]/[C]=[C]/[C]=[C]/[C][C][C](O)[C]C(=[C])[C][C]C([C])([C])[C],0.0,221.194,9,1,1,0.5799,7.3798,0,2,0,0,1,recovered_735
73,[C][C][C]/[C]=[C]/[C]=[C]/[C]=[C]/c1[c][c][c][c]c1[C]([C])[C]/[C]=[C]/c1[c]n[c][c]c1[C],0.0,326.293,9,0,1,0.6426,7.9731,2,3,0,0,1,recovered_735
730,[C]C(=O)C1=C2[C]=[C][C]=[C][C]2[C]=[C]N1,0.0,163.135,1,1,2,0.5907,7.1792,2,3,0,0,0,recovered_735
731,[C][C][C][C]([C]([C])[C][C])[C]1[C]([C])[C][C][C][C]1O[C]O,0.0,225.182,7,1,2,0.7015,7.4512,1,0,0,0,0,recovered_735
732,[C][C]([C][C]C#[C])/[C]=[C]/NC([C])=O,0.0,151.124,4,1,1,0.4345,6.709,0,1,1,0,1,recovered_735
733,[C]/[C]=[C]/[C]=[C]/[C]c1[c][c][c][c]c1[C]Cl,0.0,191.596,4,0,0,0.6377,7.4915,1,2,0,0,1,recovered_735
734,[C]C(=O)N[C]1[C]2[C][C]([C]=C1[C])c1[c][c][c][c]c1[C]2,0.0,223.19,1,1,1,0.7366,7.9648,3,1,0,0,0,recovered_735
735,[C][C]([C])[C]N[C]/[C]=[C]/[C]=N/[C]1[C][C][C]([C])[C]1[C],0.0,209.187,6,1,2,0.3854,7.4845,1,1,0,0,1,recovered_735
736,[C][C][C][C][C][C][C]C(=O)[C](/[C]=[C]/[C]=[C]/[C]O)N[C]c1[c][c][c][c]c1[C],0.0,312.263,13,2,3,0.3204,7.4,1,2,0,0,1,recovered_735
737,[C][C][C][C][C]1[C][C]=[C]C1=[C],0.0,120.11,3,0,0,0.5184,7.6351,1,2,0,0,0,recovered_735
738,[C][C][C]1[C][C][C]([C][C][C][C][C][C]N[C]2N[C]3[C][C][C][C]2[C]3)[C]=C1[C],0.0,294.272,9,2,2,0.487,6.9554,3,1,0,0,1,recovered_735
739,[C]C(=[C])[C]1[C][C][C][C]1,0.0,96.088,1,0,0,0.451,7.9533,1,1,0,0,0,recovered_735
74,[C][C]([C])[C]/[C]=[C]/[C]=[C]/[C]=[C]/[C][C][C][C]1N[C]=[C][C]C1=O,0.0,247.212,8,1,2,0.4984,7.4196,1,3,0,0,1,recovered_735
740,[C]/[C]=[C]/[C]=[C]/[C]=[C]/N=C1\[C][C][C]c2[c][c][c][c]c21,0.0,218.194,3,0,1,0.6783,7.7573,2,3,0,0,1,recovered_735
741,[C]/[C]=[C]/C([C])=[C]/[C]=[C]/[C](/[C]=[C]/[C]=[C]/[N][O])N/[C]=[C]/[C]([C])[C],0.0,261.219,9,1,1,0.3653,7.4237,0,3,0,0,1,recovered_735
742,[C]/[C]=[C]/N=[C]/F,0.0,81.049,1,0,1,0.409,6.9522,0,1,0,0,1,recovered_735
743,[C][C]1[C][C][C]2[C][C][C]([C][C]=[C])[C]3[C][C][C][C][C@]123,0.0,204.187,2,0,0,0.6357,7.7247,3,1,0,0,0,recovered_735
744,[C][C][C][C][C]/[C]=[C]/N[C]/[C]=[C]/[C][C]N1[C][C]N[C]=N1,0.0,238.209,10,2,4,0.4065,7.5412,1,1,0,0,1,recovered_735
745,[C][C][C][C][C]/[C]=C1\[C][C]=C([C][C][C][C]2[C][C]3[C][C][C]2[C]([C])[C]3[C])C1=N,0.0,303.279,8,1,1,0.6637,6.8179,4,1,0,0,1,recovered_735
746,[C]/[C]=[C]/[C]=[C]/N/[C]=[C]/[C]=[C]/[C][C][N][C][C]=O,0.0,201.164,9,1,2,0.3132,7.1411,0,2,0,0,1,recovered_735
747,[C][C][C][C][C][C]C1=C([C][C][C][C])[C]=[C][C]1,0.0,180.165,8,0,0,0.4947,7.5969,1,2,0,0,1,recovered_735
748,[C][C]/[C]=[C]/[C]/[C]=[C]/[C]([C]=[C])c1[c][c][nH]c1[C]Cl,0.0,230.633,7,1,0,0.7367,7.3225,1,1,0,0,0,recovered_735
749,[C]N[C]C1=C([C]Cl)[C]=[C][C]1,0.0,146.556,3,1,1,0.586,7.2631,1,2,0,0,1,recovered_735
750,[C][C]/[C]=[C]/[C]=C(\[C][C][C]([C])[C][C]/[C]=[C]/[C]=[C]/[C]=[C])C([O])=O,0.0,260.207,11,0,1,0.4029,7.1482,0,3,0,0,1,recovered_735
751,[C][C][C][C][C]([C][C]1[C][C][C]=[C]N1)/[C]=[C]/[C]=[C]/[C]C1=[C][C]=[C][C][C]1,0.0,279.257,9,1,1,0.6286,7.9856,2,2,0,0,1,recovered_735
752,[C]/[C]=[C]/N[C]([C])[C]1[C][C]=[C][C]([C])[C]1[C][C][C]=[C],0.0,207.191,6,1,1,0.6353,7.5388,1,1,0,0,1,recovered_735
76,[C]/[C]=[C]/[C]=C(\[C])[C]1[C]C(=[C])[C][C]1Cl,0.0,179.585,2,0,0,0.5676,7.2026,1,2,0,0,1,recovered_735
77,[C]/[C]=[C]/[C]=[C]/Cl,0.0,95.508,1,0,0,0.428,6.8972,0,2,0,0,1,recovered_735
78,[C][C]N/[C]=[C]/[C]=C1/[C][C][C]C1=[C],0.0,147.136,3,1,1,0.5746,7.5626,1,3,0,0,1,recovered_735
79,[C]/[C]=[C]/[C]=C(/Cl)[C][C]1[C][C][C][C@@]12[C](O[C])[C][C]C2([C])[C],0.0,267.65,4,0,1,0.7082,7.3944,2,2,0,0,1,recovered_735
8,[C][C][C]([C][C][C]=[C])/[C]=[C]/[C]=[C]/[C]1[C][C][C][C]1,0.0,192.176,7,0,0,0.5332,7.7167,1,2,0,0,1,recovered_735
80,[C][C][C][C]/[C]=[C]/C#C[C]([C])[C][C][C]C(=O)[C][C][C][NH],0.0,235.201,10,0,1,0.4,7.0062,0,1,1,0,1,recovered_735
81,[C][C][C][C][C]N/[C]=[C]/c1[c][c][c][c][c]1,0.0,171.158,6,1,1,0.4883,7.7064,1,1,0,0,1,recovered_735
82,[C][C]/[C]=[C]/[C]=C1\[C][C][C]([C][C])[C]1[C@]1([C])[C]=C([C])[C]=C1[C],0.0,240.22,4,0,0,0.7022,6.4501,2,2,0,0,0,recovered_735
83,[C]/[C]=[C]/[C]=[C]/[C]=[C]/[C]=[C]/[C]=[C]/[C]([C])[C]=O,0.0,184.153,6,0,1,0.5541,7.1917,0,5,0,0,1,recovered_735
84,[C]/[C]=[C]/[C]=[C]/[C]=C([C])/[C]=C1/[C][C][C][C][C]1[C]/[C]=[C]/[C]=[C]/[C]=[C]/[C]=[C],0.0,288.264,8,0,0,0.6001,7.828,1,4,0,0,1,recovered_735
85,[C]/[C]=[C]/[C]=[C]/[C]=C1\[C][C]N[C](/[C]=[C]/[C]=[C])[C]1,0.0,195.18,4,1,1,0.6541,7.6176,1,3,0,0,1,recovered_735
86,[C][C][C][C][C]/[C]=[C]/[C][C]1[C][C][C][C][C]1,0.0,168.154,6,0,0,0.5215,7.7678,1,1,0,0,1,recovered_735
87,[C][C][C]([C])[C][C][C][C][C]1[C][C]2[C][C]([C])[C][C]2C1=N,0.0,219.202,6,1,1,0.6514,7.3955,2,0,0,0,1,recovered_735
88,[C][C]/[C]=[C]/[C]=[C]/[C]=[C]/[C]=[C]/[C]=[C]/[C]/[C]=[C]/[C],0.0,192.176,7,0,0,0.5332,7.3617,0,5,0,0,1,recovered_735
89,[C][C]/[C]=[C]/[C]=C1\[C][C]C(/[C]=[C]/C(Cl)=[C]\[C]=[C]\O[C])=C1O,0.0,272.646,6,1,2,0.5939,7.0781,1,6,0,0,1,recovered_735
9,[C]c1[c][c][c]c([C])[c]1,0.0,96.088,0,0,0,0.447,7.9443,1,0,0,0,0,recovered_735
90,[C][C][C]/[C]=[C]/[C]=[C]/[C]=C1/[C](O)[C]2[C][C]([C])[C][C]2[C]1Cl,0.0,256.647,4,1,1,0.7628,6.9816,2,3,0,0,1,recovered_735
91,[C]/[C]=[C]/[C]=C1/[C](/[C]=[C]/[C]=[C])N([C])[C][C]=C1N[C],0.0,209.187,4,1,2,0.6802,7.5637,1,3,0,0,1,recovered_735
92,[C][C][C](Cl)S[C][C][C](N)N[C]([C])[C]1[C]=[C]C([C][C])=C1N[C],0.0,305.749,10,3,4,0.5677,6.9512,1,2,0,0,0,recovered_735
93,[C]=[C][C][C][C]1[C][C][C]/C(=[C]\[C][N][C]2N=[C]c3[c][c][c][c]c32)[C]1,0.0,268.234,6,0,1,0.7398,7.8732,3,1,0,0,0,recovered_735
94,[C][C]1[C][C]2[C]=[C][C]3[C][C]2C(=[C]3)[C]1,0.0,144.132,0,0,0,0.4764,6.8385,3,1,0,0,0,recovered_735
95,[C]/[C]=[C]/[C]=[C]/F,0.0,79.053,1,0,0,0.4081,6.9443,0,2,0,0,1,recovered_735
96,[C][C][C][C][C]N[C]/[C]=[C]/[C]=[C]/[C]([C])C1=C2[C][C][C][C][C@@]21[C],0.0,255.235,9,1,1,0.3707,5.4356,2,2,0,0,1,recovered_735
97,[C][C]([C])/[C]=[C]/[C][C]1[C]=[C][C]=[C]O1,0.0,148.12,3,0,1,0.5755,7.6955,1,2,0,0,0,recovered_735
98,[C]c1[c][c][c][c]c1[C]Oc1[c][c]c([C][C][C]/[C]=[C]/[C]=[C])[c]c1O,0.0,285.237,8,1,2,0.592,7.6454,2,2,0,0,1,recovered_735
99,[C][C]1[C]C([C])=[C][C]([C])[C@]1([C])[C][C][C]/[C]=[C]/[C]1[C]=[C]N=N1,0.0,244.212,5,0,2,0.659,5.1521,2,1,0,0,1,recovered_735
